id,program_name,venue_name,public_private,operator,region,venue_type,recommended_age,schedule_or_period,cost,reservation_status,reservation_url,introduction_summary,introduction_url,officialness,information_status,facts,researcher_inference,review_summary,review_sources,review_unavailable_reason,introduced_priority,checked_at,reconfirm_by,source_note,program_format,dataset_segment
"WWP-001","서울상상나라 유아·어린이 교육 프로그램","서울상상나라","공공","서울특별시","서울 광진구","어린이 복합체험관","만 4~9세 후보 (회차별 재확인)","상시·정기 공지형 후보","공식 회차별 확인 필요","확인 필요 — 공식 공지에서 회차별 재확인","https://www.seoulchildrensmuseum.org/","서울상상나라 공식 채널에서 이번 주 실제 일정·대상·비용·예약 여부를 확인한 뒤 소개할 후보.","https://www.seoulchildrensmuseum.org/","공식 운영기관 웹사이트","상시·정기 후보 — 현재 회차 모집 여부 미확인","운영기관·장소·공식 URL은 2026-07-16 HTTP 응답 또는 공식 도메인으로 확인. 회차 상세는 미확정.","4~9세 가족의 장소 기반 탐구 콘텐츠 후보로 분류했으며, 게시 전 실제 회차 공지 검수가 필요.","공개 후기 원문 미검토. 게시 전 최신 가족 후기에서 혼잡·예약·연령 적합성을 별도 요약.","https://www.google.com/maps/search/?api=1&query=%EC%84%9C%EC%9A%B8%EC%83%81%EC%83%81%EB%82%98%EB%9D%BC","개별 후기 원문 최신성·개인정보 검수가 아직 필요","P1","2026-07-16","2026-07-23","검색 결과를 단독 출처로 사용하지 않고 운영기관 공식 URL을 원출처로 기록.","기관 프로그램 진입점(실제 회차 미확인)","public_entrypoint_legacy"
"WWP-002","서울상상나라 주말 가족 체험 프로그램","서울상상나라","공공","서울특별시","서울 광진구","어린이 복합체험관","만 4~9세 후보 (회차별 재확인)","상시·정기 공지형 후보","공식 회차별 확인 필요","확인 필요 — 공식 공지에서 회차별 재확인","https://www.seoulchildrensmuseum.org/","서울상상나라 공식 채널에서 이번 주 실제 일정·대상·비용·예약 여부를 확인한 뒤 소개할 후보.","https://www.seoulchildrensmuseum.org/","공식 운영기관 웹사이트","상시·정기 후보 — 현재 회차 모집 여부 미확인","운영기관·장소·공식 URL은 2026-07-16 HTTP 응답 또는 공식 도메인으로 확인. 회차 상세는 미확정.","4~9세 가족의 장소 기반 탐구 콘텐츠 후보로 분류했으며, 게시 전 실제 회차 공지 검수가 필요.","공개 후기 원문 미검토. 게시 전 최신 가족 후기에서 혼잡·예약·연령 적합성을 별도 요약.","https://www.google.com/maps/search/?api=1&query=%EC%84%9C%EC%9A%B8%EC%83%81%EC%83%81%EB%82%98%EB%9D%BC","개별 후기 원문 최신성·개인정보 검수가 아직 필요","P1","2026-07-16","2026-07-23","검색 결과를 단독 출처로 사용하지 않고 운영기관 공식 URL을 원출처로 기록.","기관 프로그램 진입점(실제 회차 미확인)","public_entrypoint_legacy"
"WWP-003","서울상상나라 전시·공간 연계 활동","서울상상나라","공공","서울특별시","서울 광진구","어린이 복합체험관","만 4~9세 후보 (회차별 재확인)","상시·정기 공지형 후보","공식 회차별 확인 필요","확인 필요 — 공식 공지에서 회차별 재확인","https://www.seoulchildrensmuseum.org/","서울상상나라 공식 채널에서 이번 주 실제 일정·대상·비용·예약 여부를 확인한 뒤 소개할 후보.","https://www.seoulchildrensmuseum.org/","공식 운영기관 웹사이트","상시·정기 후보 — 현재 회차 모집 여부 미확인","운영기관·장소·공식 URL은 2026-07-16 HTTP 응답 또는 공식 도메인으로 확인. 회차 상세는 미확정.","4~9세 가족의 장소 기반 탐구 콘텐츠 후보로 분류했으며, 게시 전 실제 회차 공지 검수가 필요.","공개 후기 원문 미검토. 게시 전 최신 가족 후기에서 혼잡·예약·연령 적합성을 별도 요약.","https://www.google.com/maps/search/?api=1&query=%EC%84%9C%EC%9A%B8%EC%83%81%EC%83%81%EB%82%98%EB%9D%BC","개별 후기 원문 최신성·개인정보 검수가 아직 필요","P2","2026-07-16","2026-07-23","검색 결과를 단독 출처로 사용하지 않고 운영기관 공식 URL을 원출처로 기록.","기관 프로그램 진입점(실제 회차 미확인)","public_entrypoint_legacy"
"WWP-004","서울상상나라 방학 특별 프로그램","서울상상나라","공공","서울특별시","서울 광진구","어린이 복합체험관","만 4~9세 후보 (회차별 재확인)","방학 시즌 공지형 후보","공식 회차별 확인 필요","확인 필요 — 공식 공지에서 회차별 재확인","https://www.seoulchildrensmuseum.org/","서울상상나라 공식 채널에서 이번 주 실제 일정·대상·비용·예약 여부를 확인한 뒤 소개할 후보.","https://www.seoulchildrensmuseum.org/","공식 운영기관 웹사이트","상시·정기 후보 — 현재 회차 모집 여부 미확인","운영기관·장소·공식 URL은 2026-07-16 HTTP 응답 또는 공식 도메인으로 확인. 회차 상세는 미확정.","4~9세 가족의 장소 기반 탐구 콘텐츠 후보로 분류했으며, 게시 전 실제 회차 공지 검수가 필요.","공개 후기 원문 미검토. 게시 전 최신 가족 후기에서 혼잡·예약·연령 적합성을 별도 요약.","https://www.google.com/maps/search/?api=1&query=%EC%84%9C%EC%9A%B8%EC%83%81%EC%83%81%EB%82%98%EB%9D%BC","개별 후기 원문 최신성·개인정보 검수가 아직 필요","P2","2026-07-16","2026-07-23","검색 결과를 단독 출처로 사용하지 않고 운영기관 공식 URL을 원출처로 기록.","기관 프로그램 진입점(실제 회차 미확인)","public_entrypoint_legacy"
"WWP-005","서울상상나라 자율 탐구·해설 활동","서울상상나라","공공","서울특별시","서울 광진구","어린이 복합체험관","만 4~9세 후보 (회차별 재확인)","상시·정기 공지형 후보","공식 회차별 확인 필요","확인 필요 — 공식 공지에서 회차별 재확인","https://www.seoulchildrensmuseum.org/","서울상상나라 공식 채널에서 이번 주 실제 일정·대상·비용·예약 여부를 확인한 뒤 소개할 후보.","https://www.seoulchildrensmuseum.org/","공식 운영기관 웹사이트","상시·정기 후보 — 현재 회차 모집 여부 미확인","운영기관·장소·공식 URL은 2026-07-16 HTTP 응답 또는 공식 도메인으로 확인. 회차 상세는 미확정.","4~9세 가족의 장소 기반 탐구 콘텐츠 후보로 분류했으며, 게시 전 실제 회차 공지 검수가 필요.","공개 후기 원문 미검토. 게시 전 최신 가족 후기에서 혼잡·예약·연령 적합성을 별도 요약.","https://www.google.com/maps/search/?api=1&query=%EC%84%9C%EC%9A%B8%EC%83%81%EC%83%81%EB%82%98%EB%9D%BC","개별 후기 원문 최신성·개인정보 검수가 아직 필요","P2","2026-07-16","2026-07-23","검색 결과를 단독 출처로 사용하지 않고 운영기관 공식 URL을 원출처로 기록.","기관 프로그램 진입점(실제 회차 미확인)","public_entrypoint_legacy"
"WWP-006","국립민속박물관 어린이박물관 유아·어린이 교육 프로그램","국립민속박물관 어린이박물관","공공","국립민속박물관","서울 종로구","어린이박물관","만 4~9세 후보 (회차별 재확인)","상시·정기 공지형 후보","공식 회차별 확인 필요","확인 필요 — 공식 공지에서 회차별 재확인","https://www.nfm.go.kr/kids/","국립민속박물관 어린이박물관 공식 채널에서 이번 주 실제 일정·대상·비용·예약 여부를 확인한 뒤 소개할 후보.","https://www.nfm.go.kr/kids/","공식 운영기관 웹사이트","상시·정기 후보 — 현재 회차 모집 여부 미확인","운영기관·장소·공식 URL은 2026-07-16 HTTP 응답 또는 공식 도메인으로 확인. 회차 상세는 미확정.","4~9세 가족의 장소 기반 탐구 콘텐츠 후보로 분류했으며, 게시 전 실제 회차 공지 검수가 필요.","공개 후기 원문 미검토. 게시 전 최신 가족 후기에서 혼잡·예약·연령 적합성을 별도 요약.","https://www.google.com/maps/search/?api=1&query=%EA%B5%AD%EB%A6%BD%EB%AF%BC%EC%86%8D%EB%B0%95%EB%AC%BC%EA%B4%80%20%EC%96%B4%EB%A6%B0%EC%9D%B4%EB%B0%95%EB%AC%BC%EA%B4%80","개별 후기 원문 최신성·개인정보 검수가 아직 필요","P1","2026-07-16","2026-07-23","검색 결과를 단독 출처로 사용하지 않고 운영기관 공식 URL을 원출처로 기록.","기관 프로그램 진입점(실제 회차 미확인)","public_entrypoint_legacy"
"WWP-007","국립민속박물관 어린이박물관 주말 가족 체험 프로그램","국립민속박물관 어린이박물관","공공","국립민속박물관","서울 종로구","어린이박물관","만 4~9세 후보 (회차별 재확인)","상시·정기 공지형 후보","공식 회차별 확인 필요","확인 필요 — 공식 공지에서 회차별 재확인","https://www.nfm.go.kr/kids/","국립민속박물관 어린이박물관 공식 채널에서 이번 주 실제 일정·대상·비용·예약 여부를 확인한 뒤 소개할 후보.","https://www.nfm.go.kr/kids/","공식 운영기관 웹사이트","상시·정기 후보 — 현재 회차 모집 여부 미확인","운영기관·장소·공식 URL은 2026-07-16 HTTP 응답 또는 공식 도메인으로 확인. 회차 상세는 미확정.","4~9세 가족의 장소 기반 탐구 콘텐츠 후보로 분류했으며, 게시 전 실제 회차 공지 검수가 필요.","공개 후기 원문 미검토. 게시 전 최신 가족 후기에서 혼잡·예약·연령 적합성을 별도 요약.","https://www.google.com/maps/search/?api=1&query=%EA%B5%AD%EB%A6%BD%EB%AF%BC%EC%86%8D%EB%B0%95%EB%AC%BC%EA%B4%80%20%EC%96%B4%EB%A6%B0%EC%9D%B4%EB%B0%95%EB%AC%BC%EA%B4%80","개별 후기 원문 최신성·개인정보 검수가 아직 필요","P1","2026-07-16","2026-07-23","검색 결과를 단독 출처로 사용하지 않고 운영기관 공식 URL을 원출처로 기록.","기관 프로그램 진입점(실제 회차 미확인)","public_entrypoint_legacy"
"WWP-008","국립민속박물관 어린이박물관 전시·공간 연계 활동","국립민속박물관 어린이박물관","공공","국립민속박물관","서울 종로구","어린이박물관","만 4~9세 후보 (회차별 재확인)","상시·정기 공지형 후보","공식 회차별 확인 필요","확인 필요 — 공식 공지에서 회차별 재확인","https://www.nfm.go.kr/kids/","국립민속박물관 어린이박물관 공식 채널에서 이번 주 실제 일정·대상·비용·예약 여부를 확인한 뒤 소개할 후보.","https://www.nfm.go.kr/kids/","공식 운영기관 웹사이트","상시·정기 후보 — 현재 회차 모집 여부 미확인","운영기관·장소·공식 URL은 2026-07-16 HTTP 응답 또는 공식 도메인으로 확인. 회차 상세는 미확정.","4~9세 가족의 장소 기반 탐구 콘텐츠 후보로 분류했으며, 게시 전 실제 회차 공지 검수가 필요.","공개 후기 원문 미검토. 게시 전 최신 가족 후기에서 혼잡·예약·연령 적합성을 별도 요약.","https://www.google.com/maps/search/?api=1&query=%EA%B5%AD%EB%A6%BD%EB%AF%BC%EC%86%8D%EB%B0%95%EB%AC%BC%EA%B4%80%20%EC%96%B4%EB%A6%B0%EC%9D%B4%EB%B0%95%EB%AC%BC%EA%B4%80","개별 후기 원문 최신성·개인정보 검수가 아직 필요","P2","2026-07-16","2026-07-23","검색 결과를 단독 출처로 사용하지 않고 운영기관 공식 URL을 원출처로 기록.","기관 프로그램 진입점(실제 회차 미확인)","public_entrypoint_legacy"
"WWP-009","국립민속박물관 어린이박물관 방학 특별 프로그램","국립민속박물관 어린이박물관","공공","국립민속박물관","서울 종로구","어린이박물관","만 4~9세 후보 (회차별 재확인)","방학 시즌 공지형 후보","공식 회차별 확인 필요","확인 필요 — 공식 공지에서 회차별 재확인","https://www.nfm.go.kr/kids/","국립민속박물관 어린이박물관 공식 채널에서 이번 주 실제 일정·대상·비용·예약 여부를 확인한 뒤 소개할 후보.","https://www.nfm.go.kr/kids/","공식 운영기관 웹사이트","상시·정기 후보 — 현재 회차 모집 여부 미확인","운영기관·장소·공식 URL은 2026-07-16 HTTP 응답 또는 공식 도메인으로 확인. 회차 상세는 미확정.","4~9세 가족의 장소 기반 탐구 콘텐츠 후보로 분류했으며, 게시 전 실제 회차 공지 검수가 필요.","공개 후기 원문 미검토. 게시 전 최신 가족 후기에서 혼잡·예약·연령 적합성을 별도 요약.","https://www.google.com/maps/search/?api=1&query=%EA%B5%AD%EB%A6%BD%EB%AF%BC%EC%86%8D%EB%B0%95%EB%AC%BC%EA%B4%80%20%EC%96%B4%EB%A6%B0%EC%9D%B4%EB%B0%95%EB%AC%BC%EA%B4%80","개별 후기 원문 최신성·개인정보 검수가 아직 필요","P2","2026-07-16","2026-07-23","검색 결과를 단독 출처로 사용하지 않고 운영기관 공식 URL을 원출처로 기록.","기관 프로그램 진입점(실제 회차 미확인)","public_entrypoint_legacy"
"WWP-010","국립민속박물관 어린이박물관 자율 탐구·해설 활동","국립민속박물관 어린이박물관","공공","국립민속박물관","서울 종로구","어린이박물관","만 4~9세 후보 (회차별 재확인)","상시·정기 공지형 후보","공식 회차별 확인 필요","확인 필요 — 공식 공지에서 회차별 재확인","https://www.nfm.go.kr/kids/","국립민속박물관 어린이박물관 공식 채널에서 이번 주 실제 일정·대상·비용·예약 여부를 확인한 뒤 소개할 후보.","https://www.nfm.go.kr/kids/","공식 운영기관 웹사이트","상시·정기 후보 — 현재 회차 모집 여부 미확인","운영기관·장소·공식 URL은 2026-07-16 HTTP 응답 또는 공식 도메인으로 확인. 회차 상세는 미확정.","4~9세 가족의 장소 기반 탐구 콘텐츠 후보로 분류했으며, 게시 전 실제 회차 공지 검수가 필요.","공개 후기 원문 미검토. 게시 전 최신 가족 후기에서 혼잡·예약·연령 적합성을 별도 요약.","https://www.google.com/maps/search/?api=1&query=%EA%B5%AD%EB%A6%BD%EB%AF%BC%EC%86%8D%EB%B0%95%EB%AC%BC%EA%B4%80%20%EC%96%B4%EB%A6%B0%EC%9D%B4%EB%B0%95%EB%AC%BC%EA%B4%80","개별 후기 원문 최신성·개인정보 검수가 아직 필요","P2","2026-07-16","2026-07-23","검색 결과를 단독 출처로 사용하지 않고 운영기관 공식 URL을 원출처로 기록.","기관 프로그램 진입점(실제 회차 미확인)","public_entrypoint_legacy"
"WWP-011","국립중앙박물관 유아·어린이 교육 프로그램","국립중앙박물관","공공","국립중앙박물관","서울 용산구","박물관","만 4~9세 후보 (회차별 재확인)","상시·정기 공지형 후보","공식 회차별 확인 필요","확인 필요 — 공식 공지에서 회차별 재확인","https://www.museum.go.kr/site/main/edu/eduMain","국립중앙박물관 공식 채널에서 이번 주 실제 일정·대상·비용·예약 여부를 확인한 뒤 소개할 후보.","https://www.museum.go.kr/site/main/edu/eduMain","공식 운영기관 웹사이트","상시·정기 후보 — 현재 회차 모집 여부 미확인","운영기관·장소·공식 URL은 2026-07-16 HTTP 응답 또는 공식 도메인으로 확인. 회차 상세는 미확정.","4~9세 가족의 장소 기반 탐구 콘텐츠 후보로 분류했으며, 게시 전 실제 회차 공지 검수가 필요.","공개 후기 원문 미검토. 게시 전 최신 가족 후기에서 혼잡·예약·연령 적합성을 별도 요약.","https://www.google.com/maps/search/?api=1&query=%EA%B5%AD%EB%A6%BD%EC%A4%91%EC%95%99%EB%B0%95%EB%AC%BC%EA%B4%80","개별 후기 원문 최신성·개인정보 검수가 아직 필요","P1","2026-07-16","2026-07-23","검색 결과를 단독 출처로 사용하지 않고 운영기관 공식 URL을 원출처로 기록.","기관 프로그램 진입점(실제 회차 미확인)","public_entrypoint_legacy"
"WWP-012","국립중앙박물관 주말 가족 체험 프로그램","국립중앙박물관","공공","국립중앙박물관","서울 용산구","박물관","만 4~9세 후보 (회차별 재확인)","상시·정기 공지형 후보","공식 회차별 확인 필요","확인 필요 — 공식 공지에서 회차별 재확인","https://www.museum.go.kr/site/main/edu/eduMain","국립중앙박물관 공식 채널에서 이번 주 실제 일정·대상·비용·예약 여부를 확인한 뒤 소개할 후보.","https://www.museum.go.kr/site/main/edu/eduMain","공식 운영기관 웹사이트","상시·정기 후보 — 현재 회차 모집 여부 미확인","운영기관·장소·공식 URL은 2026-07-16 HTTP 응답 또는 공식 도메인으로 확인. 회차 상세는 미확정.","4~9세 가족의 장소 기반 탐구 콘텐츠 후보로 분류했으며, 게시 전 실제 회차 공지 검수가 필요.","공개 후기 원문 미검토. 게시 전 최신 가족 후기에서 혼잡·예약·연령 적합성을 별도 요약.","https://www.google.com/maps/search/?api=1&query=%EA%B5%AD%EB%A6%BD%EC%A4%91%EC%95%99%EB%B0%95%EB%AC%BC%EA%B4%80","개별 후기 원문 최신성·개인정보 검수가 아직 필요","P1","2026-07-16","2026-07-23","검색 결과를 단독 출처로 사용하지 않고 운영기관 공식 URL을 원출처로 기록.","기관 프로그램 진입점(실제 회차 미확인)","public_entrypoint_legacy"
"WWP-013","국립중앙박물관 전시·공간 연계 활동","국립중앙박물관","공공","국립중앙박물관","서울 용산구","박물관","만 4~9세 후보 (회차별 재확인)","상시·정기 공지형 후보","공식 회차별 확인 필요","확인 필요 — 공식 공지에서 회차별 재확인","https://www.museum.go.kr/site/main/edu/eduMain","국립중앙박물관 공식 채널에서 이번 주 실제 일정·대상·비용·예약 여부를 확인한 뒤 소개할 후보.","https://www.museum.go.kr/site/main/edu/eduMain","공식 운영기관 웹사이트","상시·정기 후보 — 현재 회차 모집 여부 미확인","운영기관·장소·공식 URL은 2026-07-16 HTTP 응답 또는 공식 도메인으로 확인. 회차 상세는 미확정.","4~9세 가족의 장소 기반 탐구 콘텐츠 후보로 분류했으며, 게시 전 실제 회차 공지 검수가 필요.","공개 후기 원문 미검토. 게시 전 최신 가족 후기에서 혼잡·예약·연령 적합성을 별도 요약.","https://www.google.com/maps/search/?api=1&query=%EA%B5%AD%EB%A6%BD%EC%A4%91%EC%95%99%EB%B0%95%EB%AC%BC%EA%B4%80","개별 후기 원문 최신성·개인정보 검수가 아직 필요","P2","2026-07-16","2026-07-23","검색 결과를 단독 출처로 사용하지 않고 운영기관 공식 URL을 원출처로 기록.","기관 프로그램 진입점(실제 회차 미확인)","public_entrypoint_legacy"
"WWP-014","국립중앙박물관 방학 특별 프로그램","국립중앙박물관","공공","국립중앙박물관","서울 용산구","박물관","만 4~9세 후보 (회차별 재확인)","방학 시즌 공지형 후보","공식 회차별 확인 필요","확인 필요 — 공식 공지에서 회차별 재확인","https://www.museum.go.kr/site/main/edu/eduMain","국립중앙박물관 공식 채널에서 이번 주 실제 일정·대상·비용·예약 여부를 확인한 뒤 소개할 후보.","https://www.museum.go.kr/site/main/edu/eduMain","공식 운영기관 웹사이트","상시·정기 후보 — 현재 회차 모집 여부 미확인","운영기관·장소·공식 URL은 2026-07-16 HTTP 응답 또는 공식 도메인으로 확인. 회차 상세는 미확정.","4~9세 가족의 장소 기반 탐구 콘텐츠 후보로 분류했으며, 게시 전 실제 회차 공지 검수가 필요.","공개 후기 원문 미검토. 게시 전 최신 가족 후기에서 혼잡·예약·연령 적합성을 별도 요약.","https://www.google.com/maps/search/?api=1&query=%EA%B5%AD%EB%A6%BD%EC%A4%91%EC%95%99%EB%B0%95%EB%AC%BC%EA%B4%80","개별 후기 원문 최신성·개인정보 검수가 아직 필요","P2","2026-07-16","2026-07-23","검색 결과를 단독 출처로 사용하지 않고 운영기관 공식 URL을 원출처로 기록.","기관 프로그램 진입점(실제 회차 미확인)","public_entrypoint_legacy"
"WWP-015","국립중앙박물관 자율 탐구·해설 활동","국립중앙박물관","공공","국립중앙박물관","서울 용산구","박물관","만 4~9세 후보 (회차별 재확인)","상시·정기 공지형 후보","공식 회차별 확인 필요","확인 필요 — 공식 공지에서 회차별 재확인","https://www.museum.go.kr/site/main/edu/eduMain","국립중앙박물관 공식 채널에서 이번 주 실제 일정·대상·비용·예약 여부를 확인한 뒤 소개할 후보.","https://www.museum.go.kr/site/main/edu/eduMain","공식 운영기관 웹사이트","상시·정기 후보 — 현재 회차 모집 여부 미확인","운영기관·장소·공식 URL은 2026-07-16 HTTP 응답 또는 공식 도메인으로 확인. 회차 상세는 미확정.","4~9세 가족의 장소 기반 탐구 콘텐츠 후보로 분류했으며, 게시 전 실제 회차 공지 검수가 필요.","공개 후기 원문 미검토. 게시 전 최신 가족 후기에서 혼잡·예약·연령 적합성을 별도 요약.","https://www.google.com/maps/search/?api=1&query=%EA%B5%AD%EB%A6%BD%EC%A4%91%EC%95%99%EB%B0%95%EB%AC%BC%EA%B4%80","개별 후기 원문 최신성·개인정보 검수가 아직 필요","P2","2026-07-16","2026-07-23","검색 결과를 단독 출처로 사용하지 않고 운영기관 공식 URL을 원출처로 기록.","기관 프로그램 진입점(실제 회차 미확인)","public_entrypoint_legacy"
"WWP-016","국립한글박물관 유아·어린이 교육 프로그램","국립한글박물관","공공","국립한글박물관","서울 용산구","박물관","만 4~9세 후보 (회차별 재확인)","상시·정기 공지형 후보","공식 회차별 확인 필요","확인 필요 — 공식 공지에서 회차별 재확인","https://www.hangeul.go.kr/","국립한글박물관 공식 채널에서 이번 주 실제 일정·대상·비용·예약 여부를 확인한 뒤 소개할 후보.","https://www.hangeul.go.kr/","공식 운영기관 웹사이트","상시·정기 후보 — 현재 회차 모집 여부 미확인","운영기관·장소·공식 URL은 2026-07-16 HTTP 응답 또는 공식 도메인으로 확인. 회차 상세는 미확정.","4~9세 가족의 장소 기반 탐구 콘텐츠 후보로 분류했으며, 게시 전 실제 회차 공지 검수가 필요.","공개 후기 원문 미검토. 게시 전 최신 가족 후기에서 혼잡·예약·연령 적합성을 별도 요약.","https://www.google.com/maps/search/?api=1&query=%EA%B5%AD%EB%A6%BD%ED%95%9C%EA%B8%80%EB%B0%95%EB%AC%BC%EA%B4%80","개별 후기 원문 최신성·개인정보 검수가 아직 필요","P1","2026-07-16","2026-07-23","검색 결과를 단독 출처로 사용하지 않고 운영기관 공식 URL을 원출처로 기록.","기관 프로그램 진입점(실제 회차 미확인)","public_entrypoint_legacy"
"WWP-017","국립한글박물관 주말 가족 체험 프로그램","국립한글박물관","공공","국립한글박물관","서울 용산구","박물관","만 4~9세 후보 (회차별 재확인)","상시·정기 공지형 후보","공식 회차별 확인 필요","확인 필요 — 공식 공지에서 회차별 재확인","https://www.hangeul.go.kr/","국립한글박물관 공식 채널에서 이번 주 실제 일정·대상·비용·예약 여부를 확인한 뒤 소개할 후보.","https://www.hangeul.go.kr/","공식 운영기관 웹사이트","상시·정기 후보 — 현재 회차 모집 여부 미확인","운영기관·장소·공식 URL은 2026-07-16 HTTP 응답 또는 공식 도메인으로 확인. 회차 상세는 미확정.","4~9세 가족의 장소 기반 탐구 콘텐츠 후보로 분류했으며, 게시 전 실제 회차 공지 검수가 필요.","공개 후기 원문 미검토. 게시 전 최신 가족 후기에서 혼잡·예약·연령 적합성을 별도 요약.","https://www.google.com/maps/search/?api=1&query=%EA%B5%AD%EB%A6%BD%ED%95%9C%EA%B8%80%EB%B0%95%EB%AC%BC%EA%B4%80","개별 후기 원문 최신성·개인정보 검수가 아직 필요","P1","2026-07-16","2026-07-23","검색 결과를 단독 출처로 사용하지 않고 운영기관 공식 URL을 원출처로 기록.","기관 프로그램 진입점(실제 회차 미확인)","public_entrypoint_legacy"
"WWP-018","국립한글박물관 전시·공간 연계 활동","국립한글박물관","공공","국립한글박물관","서울 용산구","박물관","만 4~9세 후보 (회차별 재확인)","상시·정기 공지형 후보","공식 회차별 확인 필요","확인 필요 — 공식 공지에서 회차별 재확인","https://www.hangeul.go.kr/","국립한글박물관 공식 채널에서 이번 주 실제 일정·대상·비용·예약 여부를 확인한 뒤 소개할 후보.","https://www.hangeul.go.kr/","공식 운영기관 웹사이트","상시·정기 후보 — 현재 회차 모집 여부 미확인","운영기관·장소·공식 URL은 2026-07-16 HTTP 응답 또는 공식 도메인으로 확인. 회차 상세는 미확정.","4~9세 가족의 장소 기반 탐구 콘텐츠 후보로 분류했으며, 게시 전 실제 회차 공지 검수가 필요.","공개 후기 원문 미검토. 게시 전 최신 가족 후기에서 혼잡·예약·연령 적합성을 별도 요약.","https://www.google.com/maps/search/?api=1&query=%EA%B5%AD%EB%A6%BD%ED%95%9C%EA%B8%80%EB%B0%95%EB%AC%BC%EA%B4%80","개별 후기 원문 최신성·개인정보 검수가 아직 필요","P2","2026-07-16","2026-07-23","검색 결과를 단독 출처로 사용하지 않고 운영기관 공식 URL을 원출처로 기록.","기관 프로그램 진입점(실제 회차 미확인)","public_entrypoint_legacy"
"WWP-019","국립한글박물관 방학 특별 프로그램","국립한글박물관","공공","국립한글박물관","서울 용산구","박물관","만 4~9세 후보 (회차별 재확인)","방학 시즌 공지형 후보","공식 회차별 확인 필요","확인 필요 — 공식 공지에서 회차별 재확인","https://www.hangeul.go.kr/","국립한글박물관 공식 채널에서 이번 주 실제 일정·대상·비용·예약 여부를 확인한 뒤 소개할 후보.","https://www.hangeul.go.kr/","공식 운영기관 웹사이트","상시·정기 후보 — 현재 회차 모집 여부 미확인","운영기관·장소·공식 URL은 2026-07-16 HTTP 응답 또는 공식 도메인으로 확인. 회차 상세는 미확정.","4~9세 가족의 장소 기반 탐구 콘텐츠 후보로 분류했으며, 게시 전 실제 회차 공지 검수가 필요.","공개 후기 원문 미검토. 게시 전 최신 가족 후기에서 혼잡·예약·연령 적합성을 별도 요약.","https://www.google.com/maps/search/?api=1&query=%EA%B5%AD%EB%A6%BD%ED%95%9C%EA%B8%80%EB%B0%95%EB%AC%BC%EA%B4%80","개별 후기 원문 최신성·개인정보 검수가 아직 필요","P2","2026-07-16","2026-07-23","검색 결과를 단독 출처로 사용하지 않고 운영기관 공식 URL을 원출처로 기록.","기관 프로그램 진입점(실제 회차 미확인)","public_entrypoint_legacy"
"WWP-020","국립한글박물관 자율 탐구·해설 활동","국립한글박물관","공공","국립한글박물관","서울 용산구","박물관","만 4~9세 후보 (회차별 재확인)","상시·정기 공지형 후보","공식 회차별 확인 필요","확인 필요 — 공식 공지에서 회차별 재확인","https://www.hangeul.go.kr/","국립한글박물관 공식 채널에서 이번 주 실제 일정·대상·비용·예약 여부를 확인한 뒤 소개할 후보.","https://www.hangeul.go.kr/","공식 운영기관 웹사이트","상시·정기 후보 — 현재 회차 모집 여부 미확인","운영기관·장소·공식 URL은 2026-07-16 HTTP 응답 또는 공식 도메인으로 확인. 회차 상세는 미확정.","4~9세 가족의 장소 기반 탐구 콘텐츠 후보로 분류했으며, 게시 전 실제 회차 공지 검수가 필요.","공개 후기 원문 미검토. 게시 전 최신 가족 후기에서 혼잡·예약·연령 적합성을 별도 요약.","https://www.google.com/maps/search/?api=1&query=%EA%B5%AD%EB%A6%BD%ED%95%9C%EA%B8%80%EB%B0%95%EB%AC%BC%EA%B4%80","개별 후기 원문 최신성·개인정보 검수가 아직 필요","P2","2026-07-16","2026-07-23","검색 결과를 단독 출처로 사용하지 않고 운영기관 공식 URL을 원출처로 기록.","기관 프로그램 진입점(실제 회차 미확인)","public_entrypoint_legacy"
"WWP-021","국립과천과학관 유아·어린이 교육 프로그램","국립과천과학관","공공","국립과천과학관","경기 과천시","과학관","만 4~9세 후보 (회차별 재확인)","상시·정기 공지형 후보","공식 회차별 확인 필요","확인 필요 — 공식 공지에서 회차별 재확인","https://www.sciencecenter.go.kr/scipia/","국립과천과학관 공식 채널에서 이번 주 실제 일정·대상·비용·예약 여부를 확인한 뒤 소개할 후보.","https://www.sciencecenter.go.kr/scipia/","공식 운영기관 웹사이트","상시·정기 후보 — 현재 회차 모집 여부 미확인","운영기관·장소·공식 URL은 2026-07-16 HTTP 응답 또는 공식 도메인으로 확인. 회차 상세는 미확정.","4~9세 가족의 장소 기반 탐구 콘텐츠 후보로 분류했으며, 게시 전 실제 회차 공지 검수가 필요.","공개 후기 원문 미검토. 게시 전 최신 가족 후기에서 혼잡·예약·연령 적합성을 별도 요약.","https://www.google.com/maps/search/?api=1&query=%EA%B5%AD%EB%A6%BD%EA%B3%BC%EC%B2%9C%EA%B3%BC%ED%95%99%EA%B4%80","개별 후기 원문 최신성·개인정보 검수가 아직 필요","P1","2026-07-16","2026-07-23","검색 결과를 단독 출처로 사용하지 않고 운영기관 공식 URL을 원출처로 기록.","기관 프로그램 진입점(실제 회차 미확인)","public_entrypoint_legacy"
"WWP-022","국립과천과학관 주말 가족 체험 프로그램","국립과천과학관","공공","국립과천과학관","경기 과천시","과학관","만 4~9세 후보 (회차별 재확인)","상시·정기 공지형 후보","공식 회차별 확인 필요","확인 필요 — 공식 공지에서 회차별 재확인","https://www.sciencecenter.go.kr/scipia/","국립과천과학관 공식 채널에서 이번 주 실제 일정·대상·비용·예약 여부를 확인한 뒤 소개할 후보.","https://www.sciencecenter.go.kr/scipia/","공식 운영기관 웹사이트","상시·정기 후보 — 현재 회차 모집 여부 미확인","운영기관·장소·공식 URL은 2026-07-16 HTTP 응답 또는 공식 도메인으로 확인. 회차 상세는 미확정.","4~9세 가족의 장소 기반 탐구 콘텐츠 후보로 분류했으며, 게시 전 실제 회차 공지 검수가 필요.","공개 후기 원문 미검토. 게시 전 최신 가족 후기에서 혼잡·예약·연령 적합성을 별도 요약.","https://www.google.com/maps/search/?api=1&query=%EA%B5%AD%EB%A6%BD%EA%B3%BC%EC%B2%9C%EA%B3%BC%ED%95%99%EA%B4%80","개별 후기 원문 최신성·개인정보 검수가 아직 필요","P1","2026-07-16","2026-07-23","검색 결과를 단독 출처로 사용하지 않고 운영기관 공식 URL을 원출처로 기록.","기관 프로그램 진입점(실제 회차 미확인)","public_entrypoint_legacy"
"WWP-023","국립과천과학관 전시·공간 연계 활동","국립과천과학관","공공","국립과천과학관","경기 과천시","과학관","만 4~9세 후보 (회차별 재확인)","상시·정기 공지형 후보","공식 회차별 확인 필요","확인 필요 — 공식 공지에서 회차별 재확인","https://www.sciencecenter.go.kr/scipia/","국립과천과학관 공식 채널에서 이번 주 실제 일정·대상·비용·예약 여부를 확인한 뒤 소개할 후보.","https://www.sciencecenter.go.kr/scipia/","공식 운영기관 웹사이트","상시·정기 후보 — 현재 회차 모집 여부 미확인","운영기관·장소·공식 URL은 2026-07-16 HTTP 응답 또는 공식 도메인으로 확인. 회차 상세는 미확정.","4~9세 가족의 장소 기반 탐구 콘텐츠 후보로 분류했으며, 게시 전 실제 회차 공지 검수가 필요.","공개 후기 원문 미검토. 게시 전 최신 가족 후기에서 혼잡·예약·연령 적합성을 별도 요약.","https://www.google.com/maps/search/?api=1&query=%EA%B5%AD%EB%A6%BD%EA%B3%BC%EC%B2%9C%EA%B3%BC%ED%95%99%EA%B4%80","개별 후기 원문 최신성·개인정보 검수가 아직 필요","P2","2026-07-16","2026-07-23","검색 결과를 단독 출처로 사용하지 않고 운영기관 공식 URL을 원출처로 기록.","기관 프로그램 진입점(실제 회차 미확인)","public_entrypoint_legacy"
"WWP-024","국립과천과학관 방학 특별 프로그램","국립과천과학관","공공","국립과천과학관","경기 과천시","과학관","만 4~9세 후보 (회차별 재확인)","방학 시즌 공지형 후보","공식 회차별 확인 필요","확인 필요 — 공식 공지에서 회차별 재확인","https://www.sciencecenter.go.kr/scipia/","국립과천과학관 공식 채널에서 이번 주 실제 일정·대상·비용·예약 여부를 확인한 뒤 소개할 후보.","https://www.sciencecenter.go.kr/scipia/","공식 운영기관 웹사이트","상시·정기 후보 — 현재 회차 모집 여부 미확인","운영기관·장소·공식 URL은 2026-07-16 HTTP 응답 또는 공식 도메인으로 확인. 회차 상세는 미확정.","4~9세 가족의 장소 기반 탐구 콘텐츠 후보로 분류했으며, 게시 전 실제 회차 공지 검수가 필요.","공개 후기 원문 미검토. 게시 전 최신 가족 후기에서 혼잡·예약·연령 적합성을 별도 요약.","https://www.google.com/maps/search/?api=1&query=%EA%B5%AD%EB%A6%BD%EA%B3%BC%EC%B2%9C%EA%B3%BC%ED%95%99%EA%B4%80","개별 후기 원문 최신성·개인정보 검수가 아직 필요","P2","2026-07-16","2026-07-23","검색 결과를 단독 출처로 사용하지 않고 운영기관 공식 URL을 원출처로 기록.","기관 프로그램 진입점(실제 회차 미확인)","public_entrypoint_legacy"
"WWP-025","국립과천과학관 자율 탐구·해설 활동","국립과천과학관","공공","국립과천과학관","경기 과천시","과학관","만 4~9세 후보 (회차별 재확인)","상시·정기 공지형 후보","공식 회차별 확인 필요","확인 필요 — 공식 공지에서 회차별 재확인","https://www.sciencecenter.go.kr/scipia/","국립과천과학관 공식 채널에서 이번 주 실제 일정·대상·비용·예약 여부를 확인한 뒤 소개할 후보.","https://www.sciencecenter.go.kr/scipia/","공식 운영기관 웹사이트","상시·정기 후보 — 현재 회차 모집 여부 미확인","운영기관·장소·공식 URL은 2026-07-16 HTTP 응답 또는 공식 도메인으로 확인. 회차 상세는 미확정.","4~9세 가족의 장소 기반 탐구 콘텐츠 후보로 분류했으며, 게시 전 실제 회차 공지 검수가 필요.","공개 후기 원문 미검토. 게시 전 최신 가족 후기에서 혼잡·예약·연령 적합성을 별도 요약.","https://www.google.com/maps/search/?api=1&query=%EA%B5%AD%EB%A6%BD%EA%B3%BC%EC%B2%9C%EA%B3%BC%ED%95%99%EA%B4%80","개별 후기 원문 최신성·개인정보 검수가 아직 필요","P2","2026-07-16","2026-07-23","검색 결과를 단독 출처로 사용하지 않고 운영기관 공식 URL을 원출처로 기록.","기관 프로그램 진입점(실제 회차 미확인)","public_entrypoint_legacy"
"WWP-026","서울시립과학관 유아·어린이 교육 프로그램","서울시립과학관","공공","서울특별시","서울 노원구","과학관","만 4~9세 후보 (회차별 재확인)","상시·정기 공지형 후보","공식 회차별 확인 필요","확인 필요 — 공식 공지에서 회차별 재확인","https://science.seoul.go.kr/","서울시립과학관 공식 채널에서 이번 주 실제 일정·대상·비용·예약 여부를 확인한 뒤 소개할 후보.","https://science.seoul.go.kr/","공식 운영기관 웹사이트","상시·정기 후보 — 현재 회차 모집 여부 미확인","운영기관·장소·공식 URL은 2026-07-16 HTTP 응답 또는 공식 도메인으로 확인. 회차 상세는 미확정.","4~9세 가족의 장소 기반 탐구 콘텐츠 후보로 분류했으며, 게시 전 실제 회차 공지 검수가 필요.","공개 후기 원문 미검토. 게시 전 최신 가족 후기에서 혼잡·예약·연령 적합성을 별도 요약.","https://www.google.com/maps/search/?api=1&query=%EC%84%9C%EC%9A%B8%EC%8B%9C%EB%A6%BD%EA%B3%BC%ED%95%99%EA%B4%80","개별 후기 원문 최신성·개인정보 검수가 아직 필요","P1","2026-07-16","2026-07-23","검색 결과를 단독 출처로 사용하지 않고 운영기관 공식 URL을 원출처로 기록.","기관 프로그램 진입점(실제 회차 미확인)","public_entrypoint_legacy"
"WWP-027","서울시립과학관 주말 가족 체험 프로그램","서울시립과학관","공공","서울특별시","서울 노원구","과학관","만 4~9세 후보 (회차별 재확인)","상시·정기 공지형 후보","공식 회차별 확인 필요","확인 필요 — 공식 공지에서 회차별 재확인","https://science.seoul.go.kr/","서울시립과학관 공식 채널에서 이번 주 실제 일정·대상·비용·예약 여부를 확인한 뒤 소개할 후보.","https://science.seoul.go.kr/","공식 운영기관 웹사이트","상시·정기 후보 — 현재 회차 모집 여부 미확인","운영기관·장소·공식 URL은 2026-07-16 HTTP 응답 또는 공식 도메인으로 확인. 회차 상세는 미확정.","4~9세 가족의 장소 기반 탐구 콘텐츠 후보로 분류했으며, 게시 전 실제 회차 공지 검수가 필요.","공개 후기 원문 미검토. 게시 전 최신 가족 후기에서 혼잡·예약·연령 적합성을 별도 요약.","https://www.google.com/maps/search/?api=1&query=%EC%84%9C%EC%9A%B8%EC%8B%9C%EB%A6%BD%EA%B3%BC%ED%95%99%EA%B4%80","개별 후기 원문 최신성·개인정보 검수가 아직 필요","P1","2026-07-16","2026-07-23","검색 결과를 단독 출처로 사용하지 않고 운영기관 공식 URL을 원출처로 기록.","기관 프로그램 진입점(실제 회차 미확인)","public_entrypoint_legacy"
"WWP-028","서울시립과학관 전시·공간 연계 활동","서울시립과학관","공공","서울특별시","서울 노원구","과학관","만 4~9세 후보 (회차별 재확인)","상시·정기 공지형 후보","공식 회차별 확인 필요","확인 필요 — 공식 공지에서 회차별 재확인","https://science.seoul.go.kr/","서울시립과학관 공식 채널에서 이번 주 실제 일정·대상·비용·예약 여부를 확인한 뒤 소개할 후보.","https://science.seoul.go.kr/","공식 운영기관 웹사이트","상시·정기 후보 — 현재 회차 모집 여부 미확인","운영기관·장소·공식 URL은 2026-07-16 HTTP 응답 또는 공식 도메인으로 확인. 회차 상세는 미확정.","4~9세 가족의 장소 기반 탐구 콘텐츠 후보로 분류했으며, 게시 전 실제 회차 공지 검수가 필요.","공개 후기 원문 미검토. 게시 전 최신 가족 후기에서 혼잡·예약·연령 적합성을 별도 요약.","https://www.google.com/maps/search/?api=1&query=%EC%84%9C%EC%9A%B8%EC%8B%9C%EB%A6%BD%EA%B3%BC%ED%95%99%EA%B4%80","개별 후기 원문 최신성·개인정보 검수가 아직 필요","P2","2026-07-16","2026-07-23","검색 결과를 단독 출처로 사용하지 않고 운영기관 공식 URL을 원출처로 기록.","기관 프로그램 진입점(실제 회차 미확인)","public_entrypoint_legacy"
"WWP-029","서울시립과학관 방학 특별 프로그램","서울시립과학관","공공","서울특별시","서울 노원구","과학관","만 4~9세 후보 (회차별 재확인)","방학 시즌 공지형 후보","공식 회차별 확인 필요","확인 필요 — 공식 공지에서 회차별 재확인","https://science.seoul.go.kr/","서울시립과학관 공식 채널에서 이번 주 실제 일정·대상·비용·예약 여부를 확인한 뒤 소개할 후보.","https://science.seoul.go.kr/","공식 운영기관 웹사이트","상시·정기 후보 — 현재 회차 모집 여부 미확인","운영기관·장소·공식 URL은 2026-07-16 HTTP 응답 또는 공식 도메인으로 확인. 회차 상세는 미확정.","4~9세 가족의 장소 기반 탐구 콘텐츠 후보로 분류했으며, 게시 전 실제 회차 공지 검수가 필요.","공개 후기 원문 미검토. 게시 전 최신 가족 후기에서 혼잡·예약·연령 적합성을 별도 요약.","https://www.google.com/maps/search/?api=1&query=%EC%84%9C%EC%9A%B8%EC%8B%9C%EB%A6%BD%EA%B3%BC%ED%95%99%EA%B4%80","개별 후기 원문 최신성·개인정보 검수가 아직 필요","P2","2026-07-16","2026-07-23","검색 결과를 단독 출처로 사용하지 않고 운영기관 공식 URL을 원출처로 기록.","기관 프로그램 진입점(실제 회차 미확인)","public_entrypoint_legacy"
"WWP-030","서울시립과학관 자율 탐구·해설 활동","서울시립과학관","공공","서울특별시","서울 노원구","과학관","만 4~9세 후보 (회차별 재확인)","상시·정기 공지형 후보","공식 회차별 확인 필요","확인 필요 — 공식 공지에서 회차별 재확인","https://science.seoul.go.kr/","서울시립과학관 공식 채널에서 이번 주 실제 일정·대상·비용·예약 여부를 확인한 뒤 소개할 후보.","https://science.seoul.go.kr/","공식 운영기관 웹사이트","상시·정기 후보 — 현재 회차 모집 여부 미확인","운영기관·장소·공식 URL은 2026-07-16 HTTP 응답 또는 공식 도메인으로 확인. 회차 상세는 미확정.","4~9세 가족의 장소 기반 탐구 콘텐츠 후보로 분류했으며, 게시 전 실제 회차 공지 검수가 필요.","공개 후기 원문 미검토. 게시 전 최신 가족 후기에서 혼잡·예약·연령 적합성을 별도 요약.","https://www.google.com/maps/search/?api=1&query=%EC%84%9C%EC%9A%B8%EC%8B%9C%EB%A6%BD%EA%B3%BC%ED%95%99%EA%B4%80","개별 후기 원문 최신성·개인정보 검수가 아직 필요","P2","2026-07-16","2026-07-23","검색 결과를 단독 출처로 사용하지 않고 운영기관 공식 URL을 원출처로 기록.","기관 프로그램 진입점(실제 회차 미확인)","public_entrypoint_legacy"
"WWP-031","서울식물원 유아·어린이 교육 프로그램","서울식물원","공공","서울특별시","서울 강서구","식물원","만 4~9세 후보 (회차별 재확인)","상시·정기 공지형 후보","공식 회차별 확인 필요","확인 필요 — 공식 공지에서 회차별 재확인","https://botanicpark.seoul.go.kr/","서울식물원 공식 채널에서 이번 주 실제 일정·대상·비용·예약 여부를 확인한 뒤 소개할 후보.","https://botanicpark.seoul.go.kr/","공식 운영기관 웹사이트","상시·정기 후보 — 현재 회차 모집 여부 미확인","운영기관·장소·공식 URL은 2026-07-16 HTTP 응답 또는 공식 도메인으로 확인. 회차 상세는 미확정.","4~9세 가족의 장소 기반 탐구 콘텐츠 후보로 분류했으며, 게시 전 실제 회차 공지 검수가 필요.","공개 후기 원문 미검토. 게시 전 최신 가족 후기에서 혼잡·예약·연령 적합성을 별도 요약.","https://www.google.com/maps/search/?api=1&query=%EC%84%9C%EC%9A%B8%EC%8B%9D%EB%AC%BC%EC%9B%90","개별 후기 원문 최신성·개인정보 검수가 아직 필요","P1","2026-07-16","2026-07-23","검색 결과를 단독 출처로 사용하지 않고 운영기관 공식 URL을 원출처로 기록.","기관 프로그램 진입점(실제 회차 미확인)","public_entrypoint_legacy"
"WWP-032","서울식물원 주말 가족 체험 프로그램","서울식물원","공공","서울특별시","서울 강서구","식물원","만 4~9세 후보 (회차별 재확인)","상시·정기 공지형 후보","공식 회차별 확인 필요","확인 필요 — 공식 공지에서 회차별 재확인","https://botanicpark.seoul.go.kr/","서울식물원 공식 채널에서 이번 주 실제 일정·대상·비용·예약 여부를 확인한 뒤 소개할 후보.","https://botanicpark.seoul.go.kr/","공식 운영기관 웹사이트","상시·정기 후보 — 현재 회차 모집 여부 미확인","운영기관·장소·공식 URL은 2026-07-16 HTTP 응답 또는 공식 도메인으로 확인. 회차 상세는 미확정.","4~9세 가족의 장소 기반 탐구 콘텐츠 후보로 분류했으며, 게시 전 실제 회차 공지 검수가 필요.","공개 후기 원문 미검토. 게시 전 최신 가족 후기에서 혼잡·예약·연령 적합성을 별도 요약.","https://www.google.com/maps/search/?api=1&query=%EC%84%9C%EC%9A%B8%EC%8B%9D%EB%AC%BC%EC%9B%90","개별 후기 원문 최신성·개인정보 검수가 아직 필요","P1","2026-07-16","2026-07-23","검색 결과를 단독 출처로 사용하지 않고 운영기관 공식 URL을 원출처로 기록.","기관 프로그램 진입점(실제 회차 미확인)","public_entrypoint_legacy"
"WWP-033","서울식물원 전시·공간 연계 활동","서울식물원","공공","서울특별시","서울 강서구","식물원","만 4~9세 후보 (회차별 재확인)","상시·정기 공지형 후보","공식 회차별 확인 필요","확인 필요 — 공식 공지에서 회차별 재확인","https://botanicpark.seoul.go.kr/","서울식물원 공식 채널에서 이번 주 실제 일정·대상·비용·예약 여부를 확인한 뒤 소개할 후보.","https://botanicpark.seoul.go.kr/","공식 운영기관 웹사이트","상시·정기 후보 — 현재 회차 모집 여부 미확인","운영기관·장소·공식 URL은 2026-07-16 HTTP 응답 또는 공식 도메인으로 확인. 회차 상세는 미확정.","4~9세 가족의 장소 기반 탐구 콘텐츠 후보로 분류했으며, 게시 전 실제 회차 공지 검수가 필요.","공개 후기 원문 미검토. 게시 전 최신 가족 후기에서 혼잡·예약·연령 적합성을 별도 요약.","https://www.google.com/maps/search/?api=1&query=%EC%84%9C%EC%9A%B8%EC%8B%9D%EB%AC%BC%EC%9B%90","개별 후기 원문 최신성·개인정보 검수가 아직 필요","P2","2026-07-16","2026-07-23","검색 결과를 단독 출처로 사용하지 않고 운영기관 공식 URL을 원출처로 기록.","기관 프로그램 진입점(실제 회차 미확인)","public_entrypoint_legacy"
"WWP-034","서울식물원 방학 특별 프로그램","서울식물원","공공","서울특별시","서울 강서구","식물원","만 4~9세 후보 (회차별 재확인)","방학 시즌 공지형 후보","공식 회차별 확인 필요","확인 필요 — 공식 공지에서 회차별 재확인","https://botanicpark.seoul.go.kr/","서울식물원 공식 채널에서 이번 주 실제 일정·대상·비용·예약 여부를 확인한 뒤 소개할 후보.","https://botanicpark.seoul.go.kr/","공식 운영기관 웹사이트","상시·정기 후보 — 현재 회차 모집 여부 미확인","운영기관·장소·공식 URL은 2026-07-16 HTTP 응답 또는 공식 도메인으로 확인. 회차 상세는 미확정.","4~9세 가족의 장소 기반 탐구 콘텐츠 후보로 분류했으며, 게시 전 실제 회차 공지 검수가 필요.","공개 후기 원문 미검토. 게시 전 최신 가족 후기에서 혼잡·예약·연령 적합성을 별도 요약.","https://www.google.com/maps/search/?api=1&query=%EC%84%9C%EC%9A%B8%EC%8B%9D%EB%AC%BC%EC%9B%90","개별 후기 원문 최신성·개인정보 검수가 아직 필요","P2","2026-07-16","2026-07-23","검색 결과를 단독 출처로 사용하지 않고 운영기관 공식 URL을 원출처로 기록.","기관 프로그램 진입점(실제 회차 미확인)","public_entrypoint_legacy"
"WWP-035","서울식물원 자율 탐구·해설 활동","서울식물원","공공","서울특별시","서울 강서구","식물원","만 4~9세 후보 (회차별 재확인)","상시·정기 공지형 후보","공식 회차별 확인 필요","확인 필요 — 공식 공지에서 회차별 재확인","https://botanicpark.seoul.go.kr/","서울식물원 공식 채널에서 이번 주 실제 일정·대상·비용·예약 여부를 확인한 뒤 소개할 후보.","https://botanicpark.seoul.go.kr/","공식 운영기관 웹사이트","상시·정기 후보 — 현재 회차 모집 여부 미확인","운영기관·장소·공식 URL은 2026-07-16 HTTP 응답 또는 공식 도메인으로 확인. 회차 상세는 미확정.","4~9세 가족의 장소 기반 탐구 콘텐츠 후보로 분류했으며, 게시 전 실제 회차 공지 검수가 필요.","공개 후기 원문 미검토. 게시 전 최신 가족 후기에서 혼잡·예약·연령 적합성을 별도 요약.","https://www.google.com/maps/search/?api=1&query=%EC%84%9C%EC%9A%B8%EC%8B%9D%EB%AC%BC%EC%9B%90","개별 후기 원문 최신성·개인정보 검수가 아직 필요","P2","2026-07-16","2026-07-23","검색 결과를 단독 출처로 사용하지 않고 운영기관 공식 URL을 원출처로 기록.","기관 프로그램 진입점(실제 회차 미확인)","public_entrypoint_legacy"
"WWP-036","서울대공원 유아·어린이 교육 프로그램","서울대공원","공공","서울특별시","경기 과천시","동물원·공원","만 4~9세 후보 (회차별 재확인)","상시·정기 공지형 후보","공식 회차별 확인 필요","확인 필요 — 공식 공지에서 회차별 재확인","https://grandpark.seoul.go.kr/","서울대공원 공식 채널에서 이번 주 실제 일정·대상·비용·예약 여부를 확인한 뒤 소개할 후보.","https://grandpark.seoul.go.kr/","공식 운영기관 웹사이트","상시·정기 후보 — 현재 회차 모집 여부 미확인","운영기관·장소·공식 URL은 2026-07-16 HTTP 응답 또는 공식 도메인으로 확인. 회차 상세는 미확정.","4~9세 가족의 장소 기반 탐구 콘텐츠 후보로 분류했으며, 게시 전 실제 회차 공지 검수가 필요.","공개 후기 원문 미검토. 게시 전 최신 가족 후기에서 혼잡·예약·연령 적합성을 별도 요약.","https://www.google.com/maps/search/?api=1&query=%EC%84%9C%EC%9A%B8%EB%8C%80%EA%B3%B5%EC%9B%90","개별 후기 원문 최신성·개인정보 검수가 아직 필요","P1","2026-07-16","2026-07-23","검색 결과를 단독 출처로 사용하지 않고 운영기관 공식 URL을 원출처로 기록.","기관 프로그램 진입점(실제 회차 미확인)","public_entrypoint_legacy"
"WWP-037","서울대공원 주말 가족 체험 프로그램","서울대공원","공공","서울특별시","경기 과천시","동물원·공원","만 4~9세 후보 (회차별 재확인)","상시·정기 공지형 후보","공식 회차별 확인 필요","확인 필요 — 공식 공지에서 회차별 재확인","https://grandpark.seoul.go.kr/","서울대공원 공식 채널에서 이번 주 실제 일정·대상·비용·예약 여부를 확인한 뒤 소개할 후보.","https://grandpark.seoul.go.kr/","공식 운영기관 웹사이트","상시·정기 후보 — 현재 회차 모집 여부 미확인","운영기관·장소·공식 URL은 2026-07-16 HTTP 응답 또는 공식 도메인으로 확인. 회차 상세는 미확정.","4~9세 가족의 장소 기반 탐구 콘텐츠 후보로 분류했으며, 게시 전 실제 회차 공지 검수가 필요.","공개 후기 원문 미검토. 게시 전 최신 가족 후기에서 혼잡·예약·연령 적합성을 별도 요약.","https://www.google.com/maps/search/?api=1&query=%EC%84%9C%EC%9A%B8%EB%8C%80%EA%B3%B5%EC%9B%90","개별 후기 원문 최신성·개인정보 검수가 아직 필요","P1","2026-07-16","2026-07-23","검색 결과를 단독 출처로 사용하지 않고 운영기관 공식 URL을 원출처로 기록.","기관 프로그램 진입점(실제 회차 미확인)","public_entrypoint_legacy"
"WWP-038","서울대공원 전시·공간 연계 활동","서울대공원","공공","서울특별시","경기 과천시","동물원·공원","만 4~9세 후보 (회차별 재확인)","상시·정기 공지형 후보","공식 회차별 확인 필요","확인 필요 — 공식 공지에서 회차별 재확인","https://grandpark.seoul.go.kr/","서울대공원 공식 채널에서 이번 주 실제 일정·대상·비용·예약 여부를 확인한 뒤 소개할 후보.","https://grandpark.seoul.go.kr/","공식 운영기관 웹사이트","상시·정기 후보 — 현재 회차 모집 여부 미확인","운영기관·장소·공식 URL은 2026-07-16 HTTP 응답 또는 공식 도메인으로 확인. 회차 상세는 미확정.","4~9세 가족의 장소 기반 탐구 콘텐츠 후보로 분류했으며, 게시 전 실제 회차 공지 검수가 필요.","공개 후기 원문 미검토. 게시 전 최신 가족 후기에서 혼잡·예약·연령 적합성을 별도 요약.","https://www.google.com/maps/search/?api=1&query=%EC%84%9C%EC%9A%B8%EB%8C%80%EA%B3%B5%EC%9B%90","개별 후기 원문 최신성·개인정보 검수가 아직 필요","P2","2026-07-16","2026-07-23","검색 결과를 단독 출처로 사용하지 않고 운영기관 공식 URL을 원출처로 기록.","기관 프로그램 진입점(실제 회차 미확인)","public_entrypoint_legacy"
"WWP-039","서울대공원 방학 특별 프로그램","서울대공원","공공","서울특별시","경기 과천시","동물원·공원","만 4~9세 후보 (회차별 재확인)","방학 시즌 공지형 후보","공식 회차별 확인 필요","확인 필요 — 공식 공지에서 회차별 재확인","https://grandpark.seoul.go.kr/","서울대공원 공식 채널에서 이번 주 실제 일정·대상·비용·예약 여부를 확인한 뒤 소개할 후보.","https://grandpark.seoul.go.kr/","공식 운영기관 웹사이트","상시·정기 후보 — 현재 회차 모집 여부 미확인","운영기관·장소·공식 URL은 2026-07-16 HTTP 응답 또는 공식 도메인으로 확인. 회차 상세는 미확정.","4~9세 가족의 장소 기반 탐구 콘텐츠 후보로 분류했으며, 게시 전 실제 회차 공지 검수가 필요.","공개 후기 원문 미검토. 게시 전 최신 가족 후기에서 혼잡·예약·연령 적합성을 별도 요약.","https://www.google.com/maps/search/?api=1&query=%EC%84%9C%EC%9A%B8%EB%8C%80%EA%B3%B5%EC%9B%90","개별 후기 원문 최신성·개인정보 검수가 아직 필요","P2","2026-07-16","2026-07-23","검색 결과를 단독 출처로 사용하지 않고 운영기관 공식 URL을 원출처로 기록.","기관 프로그램 진입점(실제 회차 미확인)","public_entrypoint_legacy"
"WWP-040","서울대공원 자율 탐구·해설 활동","서울대공원","공공","서울특별시","경기 과천시","동물원·공원","만 4~9세 후보 (회차별 재확인)","상시·정기 공지형 후보","공식 회차별 확인 필요","확인 필요 — 공식 공지에서 회차별 재확인","https://grandpark.seoul.go.kr/","서울대공원 공식 채널에서 이번 주 실제 일정·대상·비용·예약 여부를 확인한 뒤 소개할 후보.","https://grandpark.seoul.go.kr/","공식 운영기관 웹사이트","상시·정기 후보 — 현재 회차 모집 여부 미확인","운영기관·장소·공식 URL은 2026-07-16 HTTP 응답 또는 공식 도메인으로 확인. 회차 상세는 미확정.","4~9세 가족의 장소 기반 탐구 콘텐츠 후보로 분류했으며, 게시 전 실제 회차 공지 검수가 필요.","공개 후기 원문 미검토. 게시 전 최신 가족 후기에서 혼잡·예약·연령 적합성을 별도 요약.","https://www.google.com/maps/search/?api=1&query=%EC%84%9C%EC%9A%B8%EB%8C%80%EA%B3%B5%EC%9B%90","개별 후기 원문 최신성·개인정보 검수가 아직 필요","P2","2026-07-16","2026-07-23","검색 결과를 단독 출처로 사용하지 않고 운영기관 공식 URL을 원출처로 기록.","기관 프로그램 진입점(실제 회차 미확인)","public_entrypoint_legacy"
"WWP-041","서울역사박물관 유아·어린이 교육 프로그램","서울역사박물관","공공","서울특별시","서울 종로구","박물관","만 4~9세 후보 (회차별 재확인)","상시·정기 공지형 후보","공식 회차별 확인 필요","확인 필요 — 공식 공지에서 회차별 재확인","https://museum.seoul.go.kr/","서울역사박물관 공식 채널에서 이번 주 실제 일정·대상·비용·예약 여부를 확인한 뒤 소개할 후보.","https://museum.seoul.go.kr/","공식 운영기관 웹사이트","상시·정기 후보 — 현재 회차 모집 여부 미확인","운영기관·장소·공식 URL은 2026-07-16 HTTP 응답 또는 공식 도메인으로 확인. 회차 상세는 미확정.","4~9세 가족의 장소 기반 탐구 콘텐츠 후보로 분류했으며, 게시 전 실제 회차 공지 검수가 필요.","공개 후기 원문 미검토. 게시 전 최신 가족 후기에서 혼잡·예약·연령 적합성을 별도 요약.","https://www.google.com/maps/search/?api=1&query=%EC%84%9C%EC%9A%B8%EC%97%AD%EC%82%AC%EB%B0%95%EB%AC%BC%EA%B4%80","개별 후기 원문 최신성·개인정보 검수가 아직 필요","P1","2026-07-16","2026-07-23","검색 결과를 단독 출처로 사용하지 않고 운영기관 공식 URL을 원출처로 기록.","기관 프로그램 진입점(실제 회차 미확인)","public_entrypoint_legacy"
"WWP-042","서울역사박물관 주말 가족 체험 프로그램","서울역사박물관","공공","서울특별시","서울 종로구","박물관","만 4~9세 후보 (회차별 재확인)","상시·정기 공지형 후보","공식 회차별 확인 필요","확인 필요 — 공식 공지에서 회차별 재확인","https://museum.seoul.go.kr/","서울역사박물관 공식 채널에서 이번 주 실제 일정·대상·비용·예약 여부를 확인한 뒤 소개할 후보.","https://museum.seoul.go.kr/","공식 운영기관 웹사이트","상시·정기 후보 — 현재 회차 모집 여부 미확인","운영기관·장소·공식 URL은 2026-07-16 HTTP 응답 또는 공식 도메인으로 확인. 회차 상세는 미확정.","4~9세 가족의 장소 기반 탐구 콘텐츠 후보로 분류했으며, 게시 전 실제 회차 공지 검수가 필요.","공개 후기 원문 미검토. 게시 전 최신 가족 후기에서 혼잡·예약·연령 적합성을 별도 요약.","https://www.google.com/maps/search/?api=1&query=%EC%84%9C%EC%9A%B8%EC%97%AD%EC%82%AC%EB%B0%95%EB%AC%BC%EA%B4%80","개별 후기 원문 최신성·개인정보 검수가 아직 필요","P1","2026-07-16","2026-07-23","검색 결과를 단독 출처로 사용하지 않고 운영기관 공식 URL을 원출처로 기록.","기관 프로그램 진입점(실제 회차 미확인)","public_entrypoint_legacy"
"WWP-043","서울역사박물관 전시·공간 연계 활동","서울역사박물관","공공","서울특별시","서울 종로구","박물관","만 4~9세 후보 (회차별 재확인)","상시·정기 공지형 후보","공식 회차별 확인 필요","확인 필요 — 공식 공지에서 회차별 재확인","https://museum.seoul.go.kr/","서울역사박물관 공식 채널에서 이번 주 실제 일정·대상·비용·예약 여부를 확인한 뒤 소개할 후보.","https://museum.seoul.go.kr/","공식 운영기관 웹사이트","상시·정기 후보 — 현재 회차 모집 여부 미확인","운영기관·장소·공식 URL은 2026-07-16 HTTP 응답 또는 공식 도메인으로 확인. 회차 상세는 미확정.","4~9세 가족의 장소 기반 탐구 콘텐츠 후보로 분류했으며, 게시 전 실제 회차 공지 검수가 필요.","공개 후기 원문 미검토. 게시 전 최신 가족 후기에서 혼잡·예약·연령 적합성을 별도 요약.","https://www.google.com/maps/search/?api=1&query=%EC%84%9C%EC%9A%B8%EC%97%AD%EC%82%AC%EB%B0%95%EB%AC%BC%EA%B4%80","개별 후기 원문 최신성·개인정보 검수가 아직 필요","P2","2026-07-16","2026-07-23","검색 결과를 단독 출처로 사용하지 않고 운영기관 공식 URL을 원출처로 기록.","기관 프로그램 진입점(실제 회차 미확인)","public_entrypoint_legacy"
"WWP-044","서울역사박물관 방학 특별 프로그램","서울역사박물관","공공","서울특별시","서울 종로구","박물관","만 4~9세 후보 (회차별 재확인)","방학 시즌 공지형 후보","공식 회차별 확인 필요","확인 필요 — 공식 공지에서 회차별 재확인","https://museum.seoul.go.kr/","서울역사박물관 공식 채널에서 이번 주 실제 일정·대상·비용·예약 여부를 확인한 뒤 소개할 후보.","https://museum.seoul.go.kr/","공식 운영기관 웹사이트","상시·정기 후보 — 현재 회차 모집 여부 미확인","운영기관·장소·공식 URL은 2026-07-16 HTTP 응답 또는 공식 도메인으로 확인. 회차 상세는 미확정.","4~9세 가족의 장소 기반 탐구 콘텐츠 후보로 분류했으며, 게시 전 실제 회차 공지 검수가 필요.","공개 후기 원문 미검토. 게시 전 최신 가족 후기에서 혼잡·예약·연령 적합성을 별도 요약.","https://www.google.com/maps/search/?api=1&query=%EC%84%9C%EC%9A%B8%EC%97%AD%EC%82%AC%EB%B0%95%EB%AC%BC%EA%B4%80","개별 후기 원문 최신성·개인정보 검수가 아직 필요","P2","2026-07-16","2026-07-23","검색 결과를 단독 출처로 사용하지 않고 운영기관 공식 URL을 원출처로 기록.","기관 프로그램 진입점(실제 회차 미확인)","public_entrypoint_legacy"
"WWP-045","서울역사박물관 자율 탐구·해설 활동","서울역사박물관","공공","서울특별시","서울 종로구","박물관","만 4~9세 후보 (회차별 재확인)","상시·정기 공지형 후보","공식 회차별 확인 필요","확인 필요 — 공식 공지에서 회차별 재확인","https://museum.seoul.go.kr/","서울역사박물관 공식 채널에서 이번 주 실제 일정·대상·비용·예약 여부를 확인한 뒤 소개할 후보.","https://museum.seoul.go.kr/","공식 운영기관 웹사이트","상시·정기 후보 — 현재 회차 모집 여부 미확인","운영기관·장소·공식 URL은 2026-07-16 HTTP 응답 또는 공식 도메인으로 확인. 회차 상세는 미확정.","4~9세 가족의 장소 기반 탐구 콘텐츠 후보로 분류했으며, 게시 전 실제 회차 공지 검수가 필요.","공개 후기 원문 미검토. 게시 전 최신 가족 후기에서 혼잡·예약·연령 적합성을 별도 요약.","https://www.google.com/maps/search/?api=1&query=%EC%84%9C%EC%9A%B8%EC%97%AD%EC%82%AC%EB%B0%95%EB%AC%BC%EA%B4%80","개별 후기 원문 최신성·개인정보 검수가 아직 필요","P2","2026-07-16","2026-07-23","검색 결과를 단독 출처로 사용하지 않고 운영기관 공식 URL을 원출처로 기록.","기관 프로그램 진입점(실제 회차 미확인)","public_entrypoint_legacy"
"WWP-046","서울공예박물관 유아·어린이 교육 프로그램","서울공예박물관","공공","서울특별시","서울 종로구","박물관","만 4~9세 후보 (회차별 재확인)","상시·정기 공지형 후보","공식 회차별 확인 필요","확인 필요 — 공식 공지에서 회차별 재확인","https://craftmuseum.seoul.go.kr/","서울공예박물관 공식 채널에서 이번 주 실제 일정·대상·비용·예약 여부를 확인한 뒤 소개할 후보.","https://craftmuseum.seoul.go.kr/","공식 운영기관 웹사이트","상시·정기 후보 — 현재 회차 모집 여부 미확인","운영기관·장소·공식 URL은 2026-07-16 HTTP 응답 또는 공식 도메인으로 확인. 회차 상세는 미확정.","4~9세 가족의 장소 기반 탐구 콘텐츠 후보로 분류했으며, 게시 전 실제 회차 공지 검수가 필요.","공개 후기 원문 미검토. 게시 전 최신 가족 후기에서 혼잡·예약·연령 적합성을 별도 요약.","https://www.google.com/maps/search/?api=1&query=%EC%84%9C%EC%9A%B8%EA%B3%B5%EC%98%88%EB%B0%95%EB%AC%BC%EA%B4%80","개별 후기 원문 최신성·개인정보 검수가 아직 필요","P1","2026-07-16","2026-07-23","검색 결과를 단독 출처로 사용하지 않고 운영기관 공식 URL을 원출처로 기록.","기관 프로그램 진입점(실제 회차 미확인)","public_entrypoint_legacy"
"WWP-047","서울공예박물관 주말 가족 체험 프로그램","서울공예박물관","공공","서울특별시","서울 종로구","박물관","만 4~9세 후보 (회차별 재확인)","상시·정기 공지형 후보","공식 회차별 확인 필요","확인 필요 — 공식 공지에서 회차별 재확인","https://craftmuseum.seoul.go.kr/","서울공예박물관 공식 채널에서 이번 주 실제 일정·대상·비용·예약 여부를 확인한 뒤 소개할 후보.","https://craftmuseum.seoul.go.kr/","공식 운영기관 웹사이트","상시·정기 후보 — 현재 회차 모집 여부 미확인","운영기관·장소·공식 URL은 2026-07-16 HTTP 응답 또는 공식 도메인으로 확인. 회차 상세는 미확정.","4~9세 가족의 장소 기반 탐구 콘텐츠 후보로 분류했으며, 게시 전 실제 회차 공지 검수가 필요.","공개 후기 원문 미검토. 게시 전 최신 가족 후기에서 혼잡·예약·연령 적합성을 별도 요약.","https://www.google.com/maps/search/?api=1&query=%EC%84%9C%EC%9A%B8%EA%B3%B5%EC%98%88%EB%B0%95%EB%AC%BC%EA%B4%80","개별 후기 원문 최신성·개인정보 검수가 아직 필요","P1","2026-07-16","2026-07-23","검색 결과를 단독 출처로 사용하지 않고 운영기관 공식 URL을 원출처로 기록.","기관 프로그램 진입점(실제 회차 미확인)","public_entrypoint_legacy"
"WWP-048","서울공예박물관 전시·공간 연계 활동","서울공예박물관","공공","서울특별시","서울 종로구","박물관","만 4~9세 후보 (회차별 재확인)","상시·정기 공지형 후보","공식 회차별 확인 필요","확인 필요 — 공식 공지에서 회차별 재확인","https://craftmuseum.seoul.go.kr/","서울공예박물관 공식 채널에서 이번 주 실제 일정·대상·비용·예약 여부를 확인한 뒤 소개할 후보.","https://craftmuseum.seoul.go.kr/","공식 운영기관 웹사이트","상시·정기 후보 — 현재 회차 모집 여부 미확인","운영기관·장소·공식 URL은 2026-07-16 HTTP 응답 또는 공식 도메인으로 확인. 회차 상세는 미확정.","4~9세 가족의 장소 기반 탐구 콘텐츠 후보로 분류했으며, 게시 전 실제 회차 공지 검수가 필요.","공개 후기 원문 미검토. 게시 전 최신 가족 후기에서 혼잡·예약·연령 적합성을 별도 요약.","https://www.google.com/maps/search/?api=1&query=%EC%84%9C%EC%9A%B8%EA%B3%B5%EC%98%88%EB%B0%95%EB%AC%BC%EA%B4%80","개별 후기 원문 최신성·개인정보 검수가 아직 필요","P2","2026-07-16","2026-07-23","검색 결과를 단독 출처로 사용하지 않고 운영기관 공식 URL을 원출처로 기록.","기관 프로그램 진입점(실제 회차 미확인)","public_entrypoint_legacy"
"WWP-049","서울공예박물관 방학 특별 프로그램","서울공예박물관","공공","서울특별시","서울 종로구","박물관","만 4~9세 후보 (회차별 재확인)","방학 시즌 공지형 후보","공식 회차별 확인 필요","확인 필요 — 공식 공지에서 회차별 재확인","https://craftmuseum.seoul.go.kr/","서울공예박물관 공식 채널에서 이번 주 실제 일정·대상·비용·예약 여부를 확인한 뒤 소개할 후보.","https://craftmuseum.seoul.go.kr/","공식 운영기관 웹사이트","상시·정기 후보 — 현재 회차 모집 여부 미확인","운영기관·장소·공식 URL은 2026-07-16 HTTP 응답 또는 공식 도메인으로 확인. 회차 상세는 미확정.","4~9세 가족의 장소 기반 탐구 콘텐츠 후보로 분류했으며, 게시 전 실제 회차 공지 검수가 필요.","공개 후기 원문 미검토. 게시 전 최신 가족 후기에서 혼잡·예약·연령 적합성을 별도 요약.","https://www.google.com/maps/search/?api=1&query=%EC%84%9C%EC%9A%B8%EA%B3%B5%EC%98%88%EB%B0%95%EB%AC%BC%EA%B4%80","개별 후기 원문 최신성·개인정보 검수가 아직 필요","P2","2026-07-16","2026-07-23","검색 결과를 단독 출처로 사용하지 않고 운영기관 공식 URL을 원출처로 기록.","기관 프로그램 진입점(실제 회차 미확인)","public_entrypoint_legacy"
"WWP-050","서울공예박물관 자율 탐구·해설 활동","서울공예박물관","공공","서울특별시","서울 종로구","박물관","만 4~9세 후보 (회차별 재확인)","상시·정기 공지형 후보","공식 회차별 확인 필요","확인 필요 — 공식 공지에서 회차별 재확인","https://craftmuseum.seoul.go.kr/","서울공예박물관 공식 채널에서 이번 주 실제 일정·대상·비용·예약 여부를 확인한 뒤 소개할 후보.","https://craftmuseum.seoul.go.kr/","공식 운영기관 웹사이트","상시·정기 후보 — 현재 회차 모집 여부 미확인","운영기관·장소·공식 URL은 2026-07-16 HTTP 응답 또는 공식 도메인으로 확인. 회차 상세는 미확정.","4~9세 가족의 장소 기반 탐구 콘텐츠 후보로 분류했으며, 게시 전 실제 회차 공지 검수가 필요.","공개 후기 원문 미검토. 게시 전 최신 가족 후기에서 혼잡·예약·연령 적합성을 별도 요약.","https://www.google.com/maps/search/?api=1&query=%EC%84%9C%EC%9A%B8%EA%B3%B5%EC%98%88%EB%B0%95%EB%AC%BC%EA%B4%80","개별 후기 원문 최신성·개인정보 검수가 아직 필요","P2","2026-07-16","2026-07-23","검색 결과를 단독 출처로 사용하지 않고 운영기관 공식 URL을 원출처로 기록.","기관 프로그램 진입점(실제 회차 미확인)","public_entrypoint_legacy"
"WWP-051","한성백제박물관 유아·어린이 교육 프로그램","한성백제박물관","공공","서울특별시","서울 송파구","박물관","만 4~9세 후보 (회차별 재확인)","상시·정기 공지형 후보","공식 회차별 확인 필요","확인 필요 — 공식 공지에서 회차별 재확인","https://baekjemuseum.seoul.go.kr/","한성백제박물관 공식 채널에서 이번 주 실제 일정·대상·비용·예약 여부를 확인한 뒤 소개할 후보.","https://baekjemuseum.seoul.go.kr/","공식 운영기관 웹사이트","상시·정기 후보 — 현재 회차 모집 여부 미확인","운영기관·장소·공식 URL은 2026-07-16 HTTP 응답 또는 공식 도메인으로 확인. 회차 상세는 미확정.","4~9세 가족의 장소 기반 탐구 콘텐츠 후보로 분류했으며, 게시 전 실제 회차 공지 검수가 필요.","공개 후기 원문 미검토. 게시 전 최신 가족 후기에서 혼잡·예약·연령 적합성을 별도 요약.","https://www.google.com/maps/search/?api=1&query=%ED%95%9C%EC%84%B1%EB%B0%B1%EC%A0%9C%EB%B0%95%EB%AC%BC%EA%B4%80","개별 후기 원문 최신성·개인정보 검수가 아직 필요","P1","2026-07-16","2026-07-23","검색 결과를 단독 출처로 사용하지 않고 운영기관 공식 URL을 원출처로 기록.","기관 프로그램 진입점(실제 회차 미확인)","public_entrypoint_legacy"
"WWP-052","한성백제박물관 주말 가족 체험 프로그램","한성백제박물관","공공","서울특별시","서울 송파구","박물관","만 4~9세 후보 (회차별 재확인)","상시·정기 공지형 후보","공식 회차별 확인 필요","확인 필요 — 공식 공지에서 회차별 재확인","https://baekjemuseum.seoul.go.kr/","한성백제박물관 공식 채널에서 이번 주 실제 일정·대상·비용·예약 여부를 확인한 뒤 소개할 후보.","https://baekjemuseum.seoul.go.kr/","공식 운영기관 웹사이트","상시·정기 후보 — 현재 회차 모집 여부 미확인","운영기관·장소·공식 URL은 2026-07-16 HTTP 응답 또는 공식 도메인으로 확인. 회차 상세는 미확정.","4~9세 가족의 장소 기반 탐구 콘텐츠 후보로 분류했으며, 게시 전 실제 회차 공지 검수가 필요.","공개 후기 원문 미검토. 게시 전 최신 가족 후기에서 혼잡·예약·연령 적합성을 별도 요약.","https://www.google.com/maps/search/?api=1&query=%ED%95%9C%EC%84%B1%EB%B0%B1%EC%A0%9C%EB%B0%95%EB%AC%BC%EA%B4%80","개별 후기 원문 최신성·개인정보 검수가 아직 필요","P1","2026-07-16","2026-07-23","검색 결과를 단독 출처로 사용하지 않고 운영기관 공식 URL을 원출처로 기록.","기관 프로그램 진입점(실제 회차 미확인)","public_entrypoint_legacy"
"WWP-053","한성백제박물관 전시·공간 연계 활동","한성백제박물관","공공","서울특별시","서울 송파구","박물관","만 4~9세 후보 (회차별 재확인)","상시·정기 공지형 후보","공식 회차별 확인 필요","확인 필요 — 공식 공지에서 회차별 재확인","https://baekjemuseum.seoul.go.kr/","한성백제박물관 공식 채널에서 이번 주 실제 일정·대상·비용·예약 여부를 확인한 뒤 소개할 후보.","https://baekjemuseum.seoul.go.kr/","공식 운영기관 웹사이트","상시·정기 후보 — 현재 회차 모집 여부 미확인","운영기관·장소·공식 URL은 2026-07-16 HTTP 응답 또는 공식 도메인으로 확인. 회차 상세는 미확정.","4~9세 가족의 장소 기반 탐구 콘텐츠 후보로 분류했으며, 게시 전 실제 회차 공지 검수가 필요.","공개 후기 원문 미검토. 게시 전 최신 가족 후기에서 혼잡·예약·연령 적합성을 별도 요약.","https://www.google.com/maps/search/?api=1&query=%ED%95%9C%EC%84%B1%EB%B0%B1%EC%A0%9C%EB%B0%95%EB%AC%BC%EA%B4%80","개별 후기 원문 최신성·개인정보 검수가 아직 필요","P2","2026-07-16","2026-07-23","검색 결과를 단독 출처로 사용하지 않고 운영기관 공식 URL을 원출처로 기록.","기관 프로그램 진입점(실제 회차 미확인)","public_entrypoint_legacy"
"WWP-054","한성백제박물관 방학 특별 프로그램","한성백제박물관","공공","서울특별시","서울 송파구","박물관","만 4~9세 후보 (회차별 재확인)","방학 시즌 공지형 후보","공식 회차별 확인 필요","확인 필요 — 공식 공지에서 회차별 재확인","https://baekjemuseum.seoul.go.kr/","한성백제박물관 공식 채널에서 이번 주 실제 일정·대상·비용·예약 여부를 확인한 뒤 소개할 후보.","https://baekjemuseum.seoul.go.kr/","공식 운영기관 웹사이트","상시·정기 후보 — 현재 회차 모집 여부 미확인","운영기관·장소·공식 URL은 2026-07-16 HTTP 응답 또는 공식 도메인으로 확인. 회차 상세는 미확정.","4~9세 가족의 장소 기반 탐구 콘텐츠 후보로 분류했으며, 게시 전 실제 회차 공지 검수가 필요.","공개 후기 원문 미검토. 게시 전 최신 가족 후기에서 혼잡·예약·연령 적합성을 별도 요약.","https://www.google.com/maps/search/?api=1&query=%ED%95%9C%EC%84%B1%EB%B0%B1%EC%A0%9C%EB%B0%95%EB%AC%BC%EA%B4%80","개별 후기 원문 최신성·개인정보 검수가 아직 필요","P2","2026-07-16","2026-07-23","검색 결과를 단독 출처로 사용하지 않고 운영기관 공식 URL을 원출처로 기록.","기관 프로그램 진입점(실제 회차 미확인)","public_entrypoint_legacy"
"WWP-055","한성백제박물관 자율 탐구·해설 활동","한성백제박물관","공공","서울특별시","서울 송파구","박물관","만 4~9세 후보 (회차별 재확인)","상시·정기 공지형 후보","공식 회차별 확인 필요","확인 필요 — 공식 공지에서 회차별 재확인","https://baekjemuseum.seoul.go.kr/","한성백제박물관 공식 채널에서 이번 주 실제 일정·대상·비용·예약 여부를 확인한 뒤 소개할 후보.","https://baekjemuseum.seoul.go.kr/","공식 운영기관 웹사이트","상시·정기 후보 — 현재 회차 모집 여부 미확인","운영기관·장소·공식 URL은 2026-07-16 HTTP 응답 또는 공식 도메인으로 확인. 회차 상세는 미확정.","4~9세 가족의 장소 기반 탐구 콘텐츠 후보로 분류했으며, 게시 전 실제 회차 공지 검수가 필요.","공개 후기 원문 미검토. 게시 전 최신 가족 후기에서 혼잡·예약·연령 적합성을 별도 요약.","https://www.google.com/maps/search/?api=1&query=%ED%95%9C%EC%84%B1%EB%B0%B1%EC%A0%9C%EB%B0%95%EB%AC%BC%EA%B4%80","개별 후기 원문 최신성·개인정보 검수가 아직 필요","P2","2026-07-16","2026-07-23","검색 결과를 단독 출처로 사용하지 않고 운영기관 공식 URL을 원출처로 기록.","기관 프로그램 진입점(실제 회차 미확인)","public_entrypoint_legacy"
"WWP-056","서대문자연사박물관 유아·어린이 교육 프로그램","서대문자연사박물관","공공","서대문구","서울 서대문구","자연사박물관","만 4~9세 후보 (회차별 재확인)","상시·정기 공지형 후보","공식 회차별 확인 필요","확인 필요 — 공식 공지에서 회차별 재확인","https://namu.sdm.go.kr/","서대문자연사박물관 공식 채널에서 이번 주 실제 일정·대상·비용·예약 여부를 확인한 뒤 소개할 후보.","https://namu.sdm.go.kr/","공식 운영기관 웹사이트","상시·정기 후보 — 현재 회차 모집 여부 미확인","운영기관·장소·공식 URL은 2026-07-16 HTTP 응답 또는 공식 도메인으로 확인. 회차 상세는 미확정.","4~9세 가족의 장소 기반 탐구 콘텐츠 후보로 분류했으며, 게시 전 실제 회차 공지 검수가 필요.","공개 후기 원문 미검토. 게시 전 최신 가족 후기에서 혼잡·예약·연령 적합성을 별도 요약.","https://www.google.com/maps/search/?api=1&query=%EC%84%9C%EB%8C%80%EB%AC%B8%EC%9E%90%EC%97%B0%EC%82%AC%EB%B0%95%EB%AC%BC%EA%B4%80","개별 후기 원문 최신성·개인정보 검수가 아직 필요","P1","2026-07-16","2026-07-23","검색 결과를 단독 출처로 사용하지 않고 운영기관 공식 URL을 원출처로 기록.","기관 프로그램 진입점(실제 회차 미확인)","public_entrypoint_legacy"
"WWP-057","서대문자연사박물관 주말 가족 체험 프로그램","서대문자연사박물관","공공","서대문구","서울 서대문구","자연사박물관","만 4~9세 후보 (회차별 재확인)","상시·정기 공지형 후보","공식 회차별 확인 필요","확인 필요 — 공식 공지에서 회차별 재확인","https://namu.sdm.go.kr/","서대문자연사박물관 공식 채널에서 이번 주 실제 일정·대상·비용·예약 여부를 확인한 뒤 소개할 후보.","https://namu.sdm.go.kr/","공식 운영기관 웹사이트","상시·정기 후보 — 현재 회차 모집 여부 미확인","운영기관·장소·공식 URL은 2026-07-16 HTTP 응답 또는 공식 도메인으로 확인. 회차 상세는 미확정.","4~9세 가족의 장소 기반 탐구 콘텐츠 후보로 분류했으며, 게시 전 실제 회차 공지 검수가 필요.","공개 후기 원문 미검토. 게시 전 최신 가족 후기에서 혼잡·예약·연령 적합성을 별도 요약.","https://www.google.com/maps/search/?api=1&query=%EC%84%9C%EB%8C%80%EB%AC%B8%EC%9E%90%EC%97%B0%EC%82%AC%EB%B0%95%EB%AC%BC%EA%B4%80","개별 후기 원문 최신성·개인정보 검수가 아직 필요","P1","2026-07-16","2026-07-23","검색 결과를 단독 출처로 사용하지 않고 운영기관 공식 URL을 원출처로 기록.","기관 프로그램 진입점(실제 회차 미확인)","public_entrypoint_legacy"
"WWP-058","서대문자연사박물관 전시·공간 연계 활동","서대문자연사박물관","공공","서대문구","서울 서대문구","자연사박물관","만 4~9세 후보 (회차별 재확인)","상시·정기 공지형 후보","공식 회차별 확인 필요","확인 필요 — 공식 공지에서 회차별 재확인","https://namu.sdm.go.kr/","서대문자연사박물관 공식 채널에서 이번 주 실제 일정·대상·비용·예약 여부를 확인한 뒤 소개할 후보.","https://namu.sdm.go.kr/","공식 운영기관 웹사이트","상시·정기 후보 — 현재 회차 모집 여부 미확인","운영기관·장소·공식 URL은 2026-07-16 HTTP 응답 또는 공식 도메인으로 확인. 회차 상세는 미확정.","4~9세 가족의 장소 기반 탐구 콘텐츠 후보로 분류했으며, 게시 전 실제 회차 공지 검수가 필요.","공개 후기 원문 미검토. 게시 전 최신 가족 후기에서 혼잡·예약·연령 적합성을 별도 요약.","https://www.google.com/maps/search/?api=1&query=%EC%84%9C%EB%8C%80%EB%AC%B8%EC%9E%90%EC%97%B0%EC%82%AC%EB%B0%95%EB%AC%BC%EA%B4%80","개별 후기 원문 최신성·개인정보 검수가 아직 필요","P2","2026-07-16","2026-07-23","검색 결과를 단독 출처로 사용하지 않고 운영기관 공식 URL을 원출처로 기록.","기관 프로그램 진입점(실제 회차 미확인)","public_entrypoint_legacy"
"WWP-059","서대문자연사박물관 방학 특별 프로그램","서대문자연사박물관","공공","서대문구","서울 서대문구","자연사박물관","만 4~9세 후보 (회차별 재확인)","방학 시즌 공지형 후보","공식 회차별 확인 필요","확인 필요 — 공식 공지에서 회차별 재확인","https://namu.sdm.go.kr/","서대문자연사박물관 공식 채널에서 이번 주 실제 일정·대상·비용·예약 여부를 확인한 뒤 소개할 후보.","https://namu.sdm.go.kr/","공식 운영기관 웹사이트","상시·정기 후보 — 현재 회차 모집 여부 미확인","운영기관·장소·공식 URL은 2026-07-16 HTTP 응답 또는 공식 도메인으로 확인. 회차 상세는 미확정.","4~9세 가족의 장소 기반 탐구 콘텐츠 후보로 분류했으며, 게시 전 실제 회차 공지 검수가 필요.","공개 후기 원문 미검토. 게시 전 최신 가족 후기에서 혼잡·예약·연령 적합성을 별도 요약.","https://www.google.com/maps/search/?api=1&query=%EC%84%9C%EB%8C%80%EB%AC%B8%EC%9E%90%EC%97%B0%EC%82%AC%EB%B0%95%EB%AC%BC%EA%B4%80","개별 후기 원문 최신성·개인정보 검수가 아직 필요","P2","2026-07-16","2026-07-23","검색 결과를 단독 출처로 사용하지 않고 운영기관 공식 URL을 원출처로 기록.","기관 프로그램 진입점(실제 회차 미확인)","public_entrypoint_legacy"
"WWP-060","서대문자연사박물관 자율 탐구·해설 활동","서대문자연사박물관","공공","서대문구","서울 서대문구","자연사박물관","만 4~9세 후보 (회차별 재확인)","상시·정기 공지형 후보","공식 회차별 확인 필요","확인 필요 — 공식 공지에서 회차별 재확인","https://namu.sdm.go.kr/","서대문자연사박물관 공식 채널에서 이번 주 실제 일정·대상·비용·예약 여부를 확인한 뒤 소개할 후보.","https://namu.sdm.go.kr/","공식 운영기관 웹사이트","상시·정기 후보 — 현재 회차 모집 여부 미확인","운영기관·장소·공식 URL은 2026-07-16 HTTP 응답 또는 공식 도메인으로 확인. 회차 상세는 미확정.","4~9세 가족의 장소 기반 탐구 콘텐츠 후보로 분류했으며, 게시 전 실제 회차 공지 검수가 필요.","공개 후기 원문 미검토. 게시 전 최신 가족 후기에서 혼잡·예약·연령 적합성을 별도 요약.","https://www.google.com/maps/search/?api=1&query=%EC%84%9C%EB%8C%80%EB%AC%B8%EC%9E%90%EC%97%B0%EC%82%AC%EB%B0%95%EB%AC%BC%EA%B4%80","개별 후기 원문 최신성·개인정보 검수가 아직 필요","P2","2026-07-16","2026-07-23","검색 결과를 단독 출처로 사용하지 않고 운영기관 공식 URL을 원출처로 기록.","기관 프로그램 진입점(실제 회차 미확인)","public_entrypoint_legacy"
"WWP-061","국립항공박물관 유아·어린이 교육 프로그램","국립항공박물관","공공","국립항공박물관","서울 강서구","항공박물관","만 4~9세 후보 (회차별 재확인)","상시·정기 공지형 후보","공식 회차별 확인 필요","확인 필요 — 공식 공지에서 회차별 재확인","https://www.aviation.or.kr/","국립항공박물관 공식 채널에서 이번 주 실제 일정·대상·비용·예약 여부를 확인한 뒤 소개할 후보.","https://www.aviation.or.kr/","공식 운영기관 웹사이트","상시·정기 후보 — 현재 회차 모집 여부 미확인","운영기관·장소·공식 URL은 2026-07-16 HTTP 응답 또는 공식 도메인으로 확인. 회차 상세는 미확정.","4~9세 가족의 장소 기반 탐구 콘텐츠 후보로 분류했으며, 게시 전 실제 회차 공지 검수가 필요.","공개 후기 원문 미검토. 게시 전 최신 가족 후기에서 혼잡·예약·연령 적합성을 별도 요약.","https://www.google.com/maps/search/?api=1&query=%EA%B5%AD%EB%A6%BD%ED%95%AD%EA%B3%B5%EB%B0%95%EB%AC%BC%EA%B4%80","개별 후기 원문 최신성·개인정보 검수가 아직 필요","P1","2026-07-16","2026-07-23","검색 결과를 단독 출처로 사용하지 않고 운영기관 공식 URL을 원출처로 기록.","기관 프로그램 진입점(실제 회차 미확인)","public_entrypoint_legacy"
"WWP-062","국립항공박물관 주말 가족 체험 프로그램","국립항공박물관","공공","국립항공박물관","서울 강서구","항공박물관","만 4~9세 후보 (회차별 재확인)","상시·정기 공지형 후보","공식 회차별 확인 필요","확인 필요 — 공식 공지에서 회차별 재확인","https://www.aviation.or.kr/","국립항공박물관 공식 채널에서 이번 주 실제 일정·대상·비용·예약 여부를 확인한 뒤 소개할 후보.","https://www.aviation.or.kr/","공식 운영기관 웹사이트","상시·정기 후보 — 현재 회차 모집 여부 미확인","운영기관·장소·공식 URL은 2026-07-16 HTTP 응답 또는 공식 도메인으로 확인. 회차 상세는 미확정.","4~9세 가족의 장소 기반 탐구 콘텐츠 후보로 분류했으며, 게시 전 실제 회차 공지 검수가 필요.","공개 후기 원문 미검토. 게시 전 최신 가족 후기에서 혼잡·예약·연령 적합성을 별도 요약.","https://www.google.com/maps/search/?api=1&query=%EA%B5%AD%EB%A6%BD%ED%95%AD%EA%B3%B5%EB%B0%95%EB%AC%BC%EA%B4%80","개별 후기 원문 최신성·개인정보 검수가 아직 필요","P1","2026-07-16","2026-07-23","검색 결과를 단독 출처로 사용하지 않고 운영기관 공식 URL을 원출처로 기록.","기관 프로그램 진입점(실제 회차 미확인)","public_entrypoint_legacy"
"WWP-063","국립항공박물관 전시·공간 연계 활동","국립항공박물관","공공","국립항공박물관","서울 강서구","항공박물관","만 4~9세 후보 (회차별 재확인)","상시·정기 공지형 후보","공식 회차별 확인 필요","확인 필요 — 공식 공지에서 회차별 재확인","https://www.aviation.or.kr/","국립항공박물관 공식 채널에서 이번 주 실제 일정·대상·비용·예약 여부를 확인한 뒤 소개할 후보.","https://www.aviation.or.kr/","공식 운영기관 웹사이트","상시·정기 후보 — 현재 회차 모집 여부 미확인","운영기관·장소·공식 URL은 2026-07-16 HTTP 응답 또는 공식 도메인으로 확인. 회차 상세는 미확정.","4~9세 가족의 장소 기반 탐구 콘텐츠 후보로 분류했으며, 게시 전 실제 회차 공지 검수가 필요.","공개 후기 원문 미검토. 게시 전 최신 가족 후기에서 혼잡·예약·연령 적합성을 별도 요약.","https://www.google.com/maps/search/?api=1&query=%EA%B5%AD%EB%A6%BD%ED%95%AD%EA%B3%B5%EB%B0%95%EB%AC%BC%EA%B4%80","개별 후기 원문 최신성·개인정보 검수가 아직 필요","P2","2026-07-16","2026-07-23","검색 결과를 단독 출처로 사용하지 않고 운영기관 공식 URL을 원출처로 기록.","기관 프로그램 진입점(실제 회차 미확인)","public_entrypoint_legacy"
"WWP-064","국립항공박물관 방학 특별 프로그램","국립항공박물관","공공","국립항공박물관","서울 강서구","항공박물관","만 4~9세 후보 (회차별 재확인)","방학 시즌 공지형 후보","공식 회차별 확인 필요","확인 필요 — 공식 공지에서 회차별 재확인","https://www.aviation.or.kr/","국립항공박물관 공식 채널에서 이번 주 실제 일정·대상·비용·예약 여부를 확인한 뒤 소개할 후보.","https://www.aviation.or.kr/","공식 운영기관 웹사이트","상시·정기 후보 — 현재 회차 모집 여부 미확인","운영기관·장소·공식 URL은 2026-07-16 HTTP 응답 또는 공식 도메인으로 확인. 회차 상세는 미확정.","4~9세 가족의 장소 기반 탐구 콘텐츠 후보로 분류했으며, 게시 전 실제 회차 공지 검수가 필요.","공개 후기 원문 미검토. 게시 전 최신 가족 후기에서 혼잡·예약·연령 적합성을 별도 요약.","https://www.google.com/maps/search/?api=1&query=%EA%B5%AD%EB%A6%BD%ED%95%AD%EA%B3%B5%EB%B0%95%EB%AC%BC%EA%B4%80","개별 후기 원문 최신성·개인정보 검수가 아직 필요","P2","2026-07-16","2026-07-23","검색 결과를 단독 출처로 사용하지 않고 운영기관 공식 URL을 원출처로 기록.","기관 프로그램 진입점(실제 회차 미확인)","public_entrypoint_legacy"
"WWP-065","국립항공박물관 자율 탐구·해설 활동","국립항공박물관","공공","국립항공박물관","서울 강서구","항공박물관","만 4~9세 후보 (회차별 재확인)","상시·정기 공지형 후보","공식 회차별 확인 필요","확인 필요 — 공식 공지에서 회차별 재확인","https://www.aviation.or.kr/","국립항공박물관 공식 채널에서 이번 주 실제 일정·대상·비용·예약 여부를 확인한 뒤 소개할 후보.","https://www.aviation.or.kr/","공식 운영기관 웹사이트","상시·정기 후보 — 현재 회차 모집 여부 미확인","운영기관·장소·공식 URL은 2026-07-16 HTTP 응답 또는 공식 도메인으로 확인. 회차 상세는 미확정.","4~9세 가족의 장소 기반 탐구 콘텐츠 후보로 분류했으며, 게시 전 실제 회차 공지 검수가 필요.","공개 후기 원문 미검토. 게시 전 최신 가족 후기에서 혼잡·예약·연령 적합성을 별도 요약.","https://www.google.com/maps/search/?api=1&query=%EA%B5%AD%EB%A6%BD%ED%95%AD%EA%B3%B5%EB%B0%95%EB%AC%BC%EA%B4%80","개별 후기 원문 최신성·개인정보 검수가 아직 필요","P2","2026-07-16","2026-07-23","검색 결과를 단독 출처로 사용하지 않고 운영기관 공식 URL을 원출처로 기록.","기관 프로그램 진입점(실제 회차 미확인)","public_entrypoint_legacy"
"WWP-066","전쟁기념관 유아·어린이 교육 프로그램","전쟁기념관","공공","전쟁기념사업회","서울 용산구","박물관","만 4~9세 후보 (회차별 재확인)","상시·정기 공지형 후보","공식 회차별 확인 필요","확인 필요 — 공식 공지에서 회차별 재확인","https://www.warmemo.or.kr/","전쟁기념관 공식 채널에서 이번 주 실제 일정·대상·비용·예약 여부를 확인한 뒤 소개할 후보.","https://www.warmemo.or.kr/","공식 운영기관 웹사이트","상시·정기 후보 — 현재 회차 모집 여부 미확인","운영기관·장소·공식 URL은 2026-07-16 HTTP 응답 또는 공식 도메인으로 확인. 회차 상세는 미확정.","4~9세 가족의 장소 기반 탐구 콘텐츠 후보로 분류했으며, 게시 전 실제 회차 공지 검수가 필요.","공개 후기 원문 미검토. 게시 전 최신 가족 후기에서 혼잡·예약·연령 적합성을 별도 요약.","https://www.google.com/maps/search/?api=1&query=%EC%A0%84%EC%9F%81%EA%B8%B0%EB%85%90%EA%B4%80","개별 후기 원문 최신성·개인정보 검수가 아직 필요","P1","2026-07-16","2026-07-23","검색 결과를 단독 출처로 사용하지 않고 운영기관 공식 URL을 원출처로 기록.","기관 프로그램 진입점(실제 회차 미확인)","public_entrypoint_legacy"
"WWP-067","전쟁기념관 주말 가족 체험 프로그램","전쟁기념관","공공","전쟁기념사업회","서울 용산구","박물관","만 4~9세 후보 (회차별 재확인)","상시·정기 공지형 후보","공식 회차별 확인 필요","확인 필요 — 공식 공지에서 회차별 재확인","https://www.warmemo.or.kr/","전쟁기념관 공식 채널에서 이번 주 실제 일정·대상·비용·예약 여부를 확인한 뒤 소개할 후보.","https://www.warmemo.or.kr/","공식 운영기관 웹사이트","상시·정기 후보 — 현재 회차 모집 여부 미확인","운영기관·장소·공식 URL은 2026-07-16 HTTP 응답 또는 공식 도메인으로 확인. 회차 상세는 미확정.","4~9세 가족의 장소 기반 탐구 콘텐츠 후보로 분류했으며, 게시 전 실제 회차 공지 검수가 필요.","공개 후기 원문 미검토. 게시 전 최신 가족 후기에서 혼잡·예약·연령 적합성을 별도 요약.","https://www.google.com/maps/search/?api=1&query=%EC%A0%84%EC%9F%81%EA%B8%B0%EB%85%90%EA%B4%80","개별 후기 원문 최신성·개인정보 검수가 아직 필요","P1","2026-07-16","2026-07-23","검색 결과를 단독 출처로 사용하지 않고 운영기관 공식 URL을 원출처로 기록.","기관 프로그램 진입점(실제 회차 미확인)","public_entrypoint_legacy"
"WWP-068","전쟁기념관 전시·공간 연계 활동","전쟁기념관","공공","전쟁기념사업회","서울 용산구","박물관","만 4~9세 후보 (회차별 재확인)","상시·정기 공지형 후보","공식 회차별 확인 필요","확인 필요 — 공식 공지에서 회차별 재확인","https://www.warmemo.or.kr/","전쟁기념관 공식 채널에서 이번 주 실제 일정·대상·비용·예약 여부를 확인한 뒤 소개할 후보.","https://www.warmemo.or.kr/","공식 운영기관 웹사이트","상시·정기 후보 — 현재 회차 모집 여부 미확인","운영기관·장소·공식 URL은 2026-07-16 HTTP 응답 또는 공식 도메인으로 확인. 회차 상세는 미확정.","4~9세 가족의 장소 기반 탐구 콘텐츠 후보로 분류했으며, 게시 전 실제 회차 공지 검수가 필요.","공개 후기 원문 미검토. 게시 전 최신 가족 후기에서 혼잡·예약·연령 적합성을 별도 요약.","https://www.google.com/maps/search/?api=1&query=%EC%A0%84%EC%9F%81%EA%B8%B0%EB%85%90%EA%B4%80","개별 후기 원문 최신성·개인정보 검수가 아직 필요","P2","2026-07-16","2026-07-23","검색 결과를 단독 출처로 사용하지 않고 운영기관 공식 URL을 원출처로 기록.","기관 프로그램 진입점(실제 회차 미확인)","public_entrypoint_legacy"
"WWP-069","전쟁기념관 방학 특별 프로그램","전쟁기념관","공공","전쟁기념사업회","서울 용산구","박물관","만 4~9세 후보 (회차별 재확인)","방학 시즌 공지형 후보","공식 회차별 확인 필요","확인 필요 — 공식 공지에서 회차별 재확인","https://www.warmemo.or.kr/","전쟁기념관 공식 채널에서 이번 주 실제 일정·대상·비용·예약 여부를 확인한 뒤 소개할 후보.","https://www.warmemo.or.kr/","공식 운영기관 웹사이트","상시·정기 후보 — 현재 회차 모집 여부 미확인","운영기관·장소·공식 URL은 2026-07-16 HTTP 응답 또는 공식 도메인으로 확인. 회차 상세는 미확정.","4~9세 가족의 장소 기반 탐구 콘텐츠 후보로 분류했으며, 게시 전 실제 회차 공지 검수가 필요.","공개 후기 원문 미검토. 게시 전 최신 가족 후기에서 혼잡·예약·연령 적합성을 별도 요약.","https://www.google.com/maps/search/?api=1&query=%EC%A0%84%EC%9F%81%EA%B8%B0%EB%85%90%EA%B4%80","개별 후기 원문 최신성·개인정보 검수가 아직 필요","P2","2026-07-16","2026-07-23","검색 결과를 단독 출처로 사용하지 않고 운영기관 공식 URL을 원출처로 기록.","기관 프로그램 진입점(실제 회차 미확인)","public_entrypoint_legacy"
"WWP-070","전쟁기념관 자율 탐구·해설 활동","전쟁기념관","공공","전쟁기념사업회","서울 용산구","박물관","만 4~9세 후보 (회차별 재확인)","상시·정기 공지형 후보","공식 회차별 확인 필요","확인 필요 — 공식 공지에서 회차별 재확인","https://www.warmemo.or.kr/","전쟁기념관 공식 채널에서 이번 주 실제 일정·대상·비용·예약 여부를 확인한 뒤 소개할 후보.","https://www.warmemo.or.kr/","공식 운영기관 웹사이트","상시·정기 후보 — 현재 회차 모집 여부 미확인","운영기관·장소·공식 URL은 2026-07-16 HTTP 응답 또는 공식 도메인으로 확인. 회차 상세는 미확정.","4~9세 가족의 장소 기반 탐구 콘텐츠 후보로 분류했으며, 게시 전 실제 회차 공지 검수가 필요.","공개 후기 원문 미검토. 게시 전 최신 가족 후기에서 혼잡·예약·연령 적합성을 별도 요약.","https://www.google.com/maps/search/?api=1&query=%EC%A0%84%EC%9F%81%EA%B8%B0%EB%85%90%EA%B4%80","개별 후기 원문 최신성·개인정보 검수가 아직 필요","P2","2026-07-16","2026-07-23","검색 결과를 단독 출처로 사용하지 않고 운영기관 공식 URL을 원출처로 기록.","기관 프로그램 진입점(실제 회차 미확인)","public_entrypoint_legacy"
"WWP-071","한국잡월드 유아·어린이 교육 프로그램","한국잡월드","공공","한국잡월드","경기 성남시","직업체험관","만 4~9세 후보 (회차별 재확인)","상시·정기 공지형 후보","공식 회차별 확인 필요","확인 필요 — 공식 공지에서 회차별 재확인","https://www.koreajobworld.or.kr/","한국잡월드 공식 채널에서 이번 주 실제 일정·대상·비용·예약 여부를 확인한 뒤 소개할 후보.","https://www.koreajobworld.or.kr/","공식 운영기관 웹사이트","상시·정기 후보 — 현재 회차 모집 여부 미확인","운영기관·장소·공식 URL은 2026-07-16 HTTP 응답 또는 공식 도메인으로 확인. 회차 상세는 미확정.","4~9세 가족의 장소 기반 탐구 콘텐츠 후보로 분류했으며, 게시 전 실제 회차 공지 검수가 필요.","공개 후기 원문 미검토. 게시 전 최신 가족 후기에서 혼잡·예약·연령 적합성을 별도 요약.","https://www.google.com/maps/search/?api=1&query=%ED%95%9C%EA%B5%AD%EC%9E%A1%EC%9B%94%EB%93%9C","개별 후기 원문 최신성·개인정보 검수가 아직 필요","P1","2026-07-16","2026-07-23","검색 결과를 단독 출처로 사용하지 않고 운영기관 공식 URL을 원출처로 기록.","기관 프로그램 진입점(실제 회차 미확인)","public_entrypoint_legacy"
"WWP-072","한국잡월드 주말 가족 체험 프로그램","한국잡월드","공공","한국잡월드","경기 성남시","직업체험관","만 4~9세 후보 (회차별 재확인)","상시·정기 공지형 후보","공식 회차별 확인 필요","확인 필요 — 공식 공지에서 회차별 재확인","https://www.koreajobworld.or.kr/","한국잡월드 공식 채널에서 이번 주 실제 일정·대상·비용·예약 여부를 확인한 뒤 소개할 후보.","https://www.koreajobworld.or.kr/","공식 운영기관 웹사이트","상시·정기 후보 — 현재 회차 모집 여부 미확인","운영기관·장소·공식 URL은 2026-07-16 HTTP 응답 또는 공식 도메인으로 확인. 회차 상세는 미확정.","4~9세 가족의 장소 기반 탐구 콘텐츠 후보로 분류했으며, 게시 전 실제 회차 공지 검수가 필요.","공개 후기 원문 미검토. 게시 전 최신 가족 후기에서 혼잡·예약·연령 적합성을 별도 요약.","https://www.google.com/maps/search/?api=1&query=%ED%95%9C%EA%B5%AD%EC%9E%A1%EC%9B%94%EB%93%9C","개별 후기 원문 최신성·개인정보 검수가 아직 필요","P1","2026-07-16","2026-07-23","검색 결과를 단독 출처로 사용하지 않고 운영기관 공식 URL을 원출처로 기록.","기관 프로그램 진입점(실제 회차 미확인)","public_entrypoint_legacy"
"WWP-073","한국잡월드 전시·공간 연계 활동","한국잡월드","공공","한국잡월드","경기 성남시","직업체험관","만 4~9세 후보 (회차별 재확인)","상시·정기 공지형 후보","공식 회차별 확인 필요","확인 필요 — 공식 공지에서 회차별 재확인","https://www.koreajobworld.or.kr/","한국잡월드 공식 채널에서 이번 주 실제 일정·대상·비용·예약 여부를 확인한 뒤 소개할 후보.","https://www.koreajobworld.or.kr/","공식 운영기관 웹사이트","상시·정기 후보 — 현재 회차 모집 여부 미확인","운영기관·장소·공식 URL은 2026-07-16 HTTP 응답 또는 공식 도메인으로 확인. 회차 상세는 미확정.","4~9세 가족의 장소 기반 탐구 콘텐츠 후보로 분류했으며, 게시 전 실제 회차 공지 검수가 필요.","공개 후기 원문 미검토. 게시 전 최신 가족 후기에서 혼잡·예약·연령 적합성을 별도 요약.","https://www.google.com/maps/search/?api=1&query=%ED%95%9C%EA%B5%AD%EC%9E%A1%EC%9B%94%EB%93%9C","개별 후기 원문 최신성·개인정보 검수가 아직 필요","P2","2026-07-16","2026-07-23","검색 결과를 단독 출처로 사용하지 않고 운영기관 공식 URL을 원출처로 기록.","기관 프로그램 진입점(실제 회차 미확인)","public_entrypoint_legacy"
"WWP-074","한국잡월드 방학 특별 프로그램","한국잡월드","공공","한국잡월드","경기 성남시","직업체험관","만 4~9세 후보 (회차별 재확인)","방학 시즌 공지형 후보","공식 회차별 확인 필요","확인 필요 — 공식 공지에서 회차별 재확인","https://www.koreajobworld.or.kr/","한국잡월드 공식 채널에서 이번 주 실제 일정·대상·비용·예약 여부를 확인한 뒤 소개할 후보.","https://www.koreajobworld.or.kr/","공식 운영기관 웹사이트","상시·정기 후보 — 현재 회차 모집 여부 미확인","운영기관·장소·공식 URL은 2026-07-16 HTTP 응답 또는 공식 도메인으로 확인. 회차 상세는 미확정.","4~9세 가족의 장소 기반 탐구 콘텐츠 후보로 분류했으며, 게시 전 실제 회차 공지 검수가 필요.","공개 후기 원문 미검토. 게시 전 최신 가족 후기에서 혼잡·예약·연령 적합성을 별도 요약.","https://www.google.com/maps/search/?api=1&query=%ED%95%9C%EA%B5%AD%EC%9E%A1%EC%9B%94%EB%93%9C","개별 후기 원문 최신성·개인정보 검수가 아직 필요","P2","2026-07-16","2026-07-23","검색 결과를 단독 출처로 사용하지 않고 운영기관 공식 URL을 원출처로 기록.","기관 프로그램 진입점(실제 회차 미확인)","public_entrypoint_legacy"
"WWP-075","한국잡월드 자율 탐구·해설 활동","한국잡월드","공공","한국잡월드","경기 성남시","직업체험관","만 4~9세 후보 (회차별 재확인)","상시·정기 공지형 후보","공식 회차별 확인 필요","확인 필요 — 공식 공지에서 회차별 재확인","https://www.koreajobworld.or.kr/","한국잡월드 공식 채널에서 이번 주 실제 일정·대상·비용·예약 여부를 확인한 뒤 소개할 후보.","https://www.koreajobworld.or.kr/","공식 운영기관 웹사이트","상시·정기 후보 — 현재 회차 모집 여부 미확인","운영기관·장소·공식 URL은 2026-07-16 HTTP 응답 또는 공식 도메인으로 확인. 회차 상세는 미확정.","4~9세 가족의 장소 기반 탐구 콘텐츠 후보로 분류했으며, 게시 전 실제 회차 공지 검수가 필요.","공개 후기 원문 미검토. 게시 전 최신 가족 후기에서 혼잡·예약·연령 적합성을 별도 요약.","https://www.google.com/maps/search/?api=1&query=%ED%95%9C%EA%B5%AD%EC%9E%A1%EC%9B%94%EB%93%9C","개별 후기 원문 최신성·개인정보 검수가 아직 필요","P2","2026-07-16","2026-07-23","검색 결과를 단독 출처로 사용하지 않고 운영기관 공식 URL을 원출처로 기록.","기관 프로그램 진입점(실제 회차 미확인)","public_entrypoint_legacy"
"WWP-076","국립현대미술관 과천 유아·어린이 교육 프로그램","국립현대미술관 과천","공공","국립현대미술관","경기 과천시","미술관","만 4~9세 후보 (회차별 재확인)","상시·정기 공지형 후보","공식 회차별 확인 필요","확인 필요 — 공식 공지에서 회차별 재확인","https://www.mmca.go.kr/","국립현대미술관 과천 공식 채널에서 이번 주 실제 일정·대상·비용·예약 여부를 확인한 뒤 소개할 후보.","https://www.mmca.go.kr/","공식 운영기관 웹사이트","상시·정기 후보 — 현재 회차 모집 여부 미확인","운영기관·장소·공식 URL은 2026-07-16 HTTP 응답 또는 공식 도메인으로 확인. 회차 상세는 미확정.","4~9세 가족의 장소 기반 탐구 콘텐츠 후보로 분류했으며, 게시 전 실제 회차 공지 검수가 필요.","공개 후기 원문 미검토. 게시 전 최신 가족 후기에서 혼잡·예약·연령 적합성을 별도 요약.","https://www.google.com/maps/search/?api=1&query=%EA%B5%AD%EB%A6%BD%ED%98%84%EB%8C%80%EB%AF%B8%EC%88%A0%EA%B4%80%20%EA%B3%BC%EC%B2%9C","개별 후기 원문 최신성·개인정보 검수가 아직 필요","P1","2026-07-16","2026-07-23","검색 결과를 단독 출처로 사용하지 않고 운영기관 공식 URL을 원출처로 기록.","기관 프로그램 진입점(실제 회차 미확인)","public_entrypoint_legacy"
"WWP-077","국립현대미술관 과천 주말 가족 체험 프로그램","국립현대미술관 과천","공공","국립현대미술관","경기 과천시","미술관","만 4~9세 후보 (회차별 재확인)","상시·정기 공지형 후보","공식 회차별 확인 필요","확인 필요 — 공식 공지에서 회차별 재확인","https://www.mmca.go.kr/","국립현대미술관 과천 공식 채널에서 이번 주 실제 일정·대상·비용·예약 여부를 확인한 뒤 소개할 후보.","https://www.mmca.go.kr/","공식 운영기관 웹사이트","상시·정기 후보 — 현재 회차 모집 여부 미확인","운영기관·장소·공식 URL은 2026-07-16 HTTP 응답 또는 공식 도메인으로 확인. 회차 상세는 미확정.","4~9세 가족의 장소 기반 탐구 콘텐츠 후보로 분류했으며, 게시 전 실제 회차 공지 검수가 필요.","공개 후기 원문 미검토. 게시 전 최신 가족 후기에서 혼잡·예약·연령 적합성을 별도 요약.","https://www.google.com/maps/search/?api=1&query=%EA%B5%AD%EB%A6%BD%ED%98%84%EB%8C%80%EB%AF%B8%EC%88%A0%EA%B4%80%20%EA%B3%BC%EC%B2%9C","개별 후기 원문 최신성·개인정보 검수가 아직 필요","P1","2026-07-16","2026-07-23","검색 결과를 단독 출처로 사용하지 않고 운영기관 공식 URL을 원출처로 기록.","기관 프로그램 진입점(실제 회차 미확인)","public_entrypoint_legacy"
"WWP-078","국립현대미술관 과천 전시·공간 연계 활동","국립현대미술관 과천","공공","국립현대미술관","경기 과천시","미술관","만 4~9세 후보 (회차별 재확인)","상시·정기 공지형 후보","공식 회차별 확인 필요","확인 필요 — 공식 공지에서 회차별 재확인","https://www.mmca.go.kr/","국립현대미술관 과천 공식 채널에서 이번 주 실제 일정·대상·비용·예약 여부를 확인한 뒤 소개할 후보.","https://www.mmca.go.kr/","공식 운영기관 웹사이트","상시·정기 후보 — 현재 회차 모집 여부 미확인","운영기관·장소·공식 URL은 2026-07-16 HTTP 응답 또는 공식 도메인으로 확인. 회차 상세는 미확정.","4~9세 가족의 장소 기반 탐구 콘텐츠 후보로 분류했으며, 게시 전 실제 회차 공지 검수가 필요.","공개 후기 원문 미검토. 게시 전 최신 가족 후기에서 혼잡·예약·연령 적합성을 별도 요약.","https://www.google.com/maps/search/?api=1&query=%EA%B5%AD%EB%A6%BD%ED%98%84%EB%8C%80%EB%AF%B8%EC%88%A0%EA%B4%80%20%EA%B3%BC%EC%B2%9C","개별 후기 원문 최신성·개인정보 검수가 아직 필요","P2","2026-07-16","2026-07-23","검색 결과를 단독 출처로 사용하지 않고 운영기관 공식 URL을 원출처로 기록.","기관 프로그램 진입점(실제 회차 미확인)","public_entrypoint_legacy"
"WWP-079","국립현대미술관 과천 방학 특별 프로그램","국립현대미술관 과천","공공","국립현대미술관","경기 과천시","미술관","만 4~9세 후보 (회차별 재확인)","방학 시즌 공지형 후보","공식 회차별 확인 필요","확인 필요 — 공식 공지에서 회차별 재확인","https://www.mmca.go.kr/","국립현대미술관 과천 공식 채널에서 이번 주 실제 일정·대상·비용·예약 여부를 확인한 뒤 소개할 후보.","https://www.mmca.go.kr/","공식 운영기관 웹사이트","상시·정기 후보 — 현재 회차 모집 여부 미확인","운영기관·장소·공식 URL은 2026-07-16 HTTP 응답 또는 공식 도메인으로 확인. 회차 상세는 미확정.","4~9세 가족의 장소 기반 탐구 콘텐츠 후보로 분류했으며, 게시 전 실제 회차 공지 검수가 필요.","공개 후기 원문 미검토. 게시 전 최신 가족 후기에서 혼잡·예약·연령 적합성을 별도 요약.","https://www.google.com/maps/search/?api=1&query=%EA%B5%AD%EB%A6%BD%ED%98%84%EB%8C%80%EB%AF%B8%EC%88%A0%EA%B4%80%20%EA%B3%BC%EC%B2%9C","개별 후기 원문 최신성·개인정보 검수가 아직 필요","P2","2026-07-16","2026-07-23","검색 결과를 단독 출처로 사용하지 않고 운영기관 공식 URL을 원출처로 기록.","기관 프로그램 진입점(실제 회차 미확인)","public_entrypoint_legacy"
"WWP-080","국립현대미술관 과천 자율 탐구·해설 활동","국립현대미술관 과천","공공","국립현대미술관","경기 과천시","미술관","만 4~9세 후보 (회차별 재확인)","상시·정기 공지형 후보","공식 회차별 확인 필요","확인 필요 — 공식 공지에서 회차별 재확인","https://www.mmca.go.kr/","국립현대미술관 과천 공식 채널에서 이번 주 실제 일정·대상·비용·예약 여부를 확인한 뒤 소개할 후보.","https://www.mmca.go.kr/","공식 운영기관 웹사이트","상시·정기 후보 — 현재 회차 모집 여부 미확인","운영기관·장소·공식 URL은 2026-07-16 HTTP 응답 또는 공식 도메인으로 확인. 회차 상세는 미확정.","4~9세 가족의 장소 기반 탐구 콘텐츠 후보로 분류했으며, 게시 전 실제 회차 공지 검수가 필요.","공개 후기 원문 미검토. 게시 전 최신 가족 후기에서 혼잡·예약·연령 적합성을 별도 요약.","https://www.google.com/maps/search/?api=1&query=%EA%B5%AD%EB%A6%BD%ED%98%84%EB%8C%80%EB%AF%B8%EC%88%A0%EA%B4%80%20%EA%B3%BC%EC%B2%9C","개별 후기 원문 최신성·개인정보 검수가 아직 필요","P2","2026-07-16","2026-07-23","검색 결과를 단독 출처로 사용하지 않고 운영기관 공식 URL을 원출처로 기록.","기관 프로그램 진입점(실제 회차 미확인)","public_entrypoint_legacy"
"WWP-081","파파빌레 어린이 과학체험","JEJU STONE PARK PAPAVILLE (제주 현무암 숲·공원)","사설","파파빌레 by (주)금지게 / (사)산림치유학교","제주특별자치도 제주시","야외 지질·생태 탐구 공간","5세 유치부~초등학생","상시 클래스 전환 소개 확인; 개별 회차는 예약 채널 재확인","22,000~28,000원으로 제3자 최신 소개에 노출됨 — 운영자 예약 화면에서 재확인 필요","예약 필요로 소개됨 — 예약 채널/잔여석 재확인","https://www.instagram.com/papaville.jeju/","제주 현무암 숲에서 화산의 흔적을 따라 걷고, 현무암 관찰·지질 탐험 미션·화산 실험·과학일지 작성·수료증 활동을 하는 어린이 과학체험.","https://www.instagram.com/papaville.jeju/","운영자 공식 Instagram + 제3자 최근 소개 교차 확인","상시·정기 — 개별 회차·예약 조건 재확인 필요","운영자 공식 계정명은 파파빌레 by (주)금지게 (사)산림치유학교(@papaville.jeju). 운영자 공식 콘텐츠와 제공 릴스/검색 노출에서 제주 현무암·화산 흔적 탐구, 5세~초등, 약 70분 분리수업, 상시 클래스 전환을 확인.","원더핀의 장소 기반 소규모 탐구 수업 프로필과 매우 유사하다고 분류. 가격·정확한 주소·당주 회차는 원출처 예약 화면 확인 전 확정하지 않음.","제공된 제3자 릴스는 아이가 좋아한 체험·비 오는 날 대부분 진행·여행 일정에 넣기 좋다는 이용자 관점 소개를 담음. 독립 후기 원문은 추가 검수 필요.","https://www.instagram.com/reel/DawOdIVTtmM/ | https://mom-mom.net/travel/places/6a55cd416b5734afc4e8df5b","독립 공개 후기 원문을 아직 추가 수집하지 않음","P0","2026-07-16","2026-07-23","공식 운영자 프로필: https://www.instagram.com/papaville.jeju/ ; 제공 릴스는 제3자 소개이며 운영자 식별·연령·시간·상시 전환을 교차 확인하는 보조 근거.","소규모 분리수업·야외 지질 탐사·실험","private_operator_verified_partial"
"WWP-082","[일산호수공원] 여름 숲체험 (매주 금 밤숲)","일산호수공원","사설","깨비의숲마을 (째깍악어 공식 프로그램 페이지)","경기 고양시","도시공원·숲","상세 페이지에서 재확인 필요","여름 숲체험; 매주 금 밤숲 표기는 프로그램명에 명시된 항목만 해당","상세 페이지에서 재확인 필요","째깍악어 공식 프로그램 페이지에 예약하기 버튼 노출 — 회차·잔여석 재확인","https://parent.tictoccroc.com/island/13/program/685/","숲지도사 및 또래 친구들과 계절 숲을 탐험하는 소규모 숲체험. 공식 페이지의 설명 문구를 바탕으로 기록.","https://parent.tictoccroc.com/island/13/program/685/","째깍악어 공식 프로그램 상세 페이지","현재 노출된 여름 프로그램 — 회차·잔여석 재확인 필요","공식 상세 페이지의 다른 프로그램 목록에서 프로그램명·장소·운영자 연결과 예약하기 진입점을 확인. 세부 조건은 해당 상세 페이지 재확인 필요.","장소 기반 소규모 숲 탐험 수업으로 분류.","후기 원문 미검토.","","공개 후기 링크 미수집 — 게시 전 확인 필요","P0","2026-07-16","2026-07-23","기준 페이지 https://parent.tictoccroc.com/island/13/program/686/ 의 다른 프로그램 목록과 각 공식 상세 URL.","소규모 또래 숲탐험·숲지도사 진행","private_operator_current"
"WWP-083","[서울어린이대공원] 여름 숲체험","서울어린이대공원","사설","깨비의숲마을 (째깍악어 공식 프로그램 페이지)","서울특별시","도시공원·숲","3세 이상","여름 숲체험; 매주 금 밤숲 표기는 프로그램명에 명시된 항목만 해당","35,000원 / 1회","째깍악어 공식 프로그램 페이지에 예약하기 버튼 노출 — 회차·잔여석 재확인","https://parent.tictoccroc.com/island/13/program/686/","숲지도사 및 또래 친구들과 계절 숲을 탐험하는 소규모 숲체험. 공식 페이지의 설명 문구를 바탕으로 기록.","https://parent.tictoccroc.com/island/13/program/686/","째깍악어 공식 프로그램 상세 페이지","현재 노출된 여름 프로그램 — 회차·잔여석 재확인 필요","공식 상세 페이지에서 가격 35,000원/회, 3세 이상, 100분 수업, 정원 8명, 운영자 깨비의숲마을을 확인.","장소 기반 소규모 숲 탐험 수업으로 분류.","후기 원문 미검토.","","공개 후기 링크 미수집 — 게시 전 확인 필요","P0","2026-07-16","2026-07-23","기준 페이지 https://parent.tictoccroc.com/island/13/program/686/ 의 다른 프로그램 목록과 각 공식 상세 URL.","소규모 또래 숲탐험·숲지도사 진행","private_operator_current"
"WWP-084","[서울숲] 여름 숲체험 (매주 금 밤숲)","서울숲","사설","깨비의숲마을 (째깍악어 공식 프로그램 페이지)","서울특별시","도시공원·숲","상세 페이지에서 재확인 필요","여름 숲체험; 매주 금 밤숲 표기는 프로그램명에 명시된 항목만 해당","상세 페이지에서 재확인 필요","째깍악어 공식 프로그램 페이지에 예약하기 버튼 노출 — 회차·잔여석 재확인","https://parent.tictoccroc.com/island/13/program/687/","숲지도사 및 또래 친구들과 계절 숲을 탐험하는 소규모 숲체험. 공식 페이지의 설명 문구를 바탕으로 기록.","https://parent.tictoccroc.com/island/13/program/687/","째깍악어 공식 프로그램 상세 페이지","현재 노출된 여름 프로그램 — 회차·잔여석 재확인 필요","공식 상세 페이지의 다른 프로그램 목록에서 프로그램명·장소·운영자 연결과 예약하기 진입점을 확인. 세부 조건은 해당 상세 페이지 재확인 필요.","장소 기반 소규모 숲 탐험 수업으로 분류.","후기 원문 미검토.","","공개 후기 링크 미수집 — 게시 전 확인 필요","P0","2026-07-16","2026-07-23","기준 페이지 https://parent.tictoccroc.com/island/13/program/686/ 의 다른 프로그램 목록과 각 공식 상세 URL.","소규모 또래 숲탐험·숲지도사 진행","private_operator_current"
"WWP-085","[올림픽공원] 여름 숲체험 (매주 금 밤숲)","올림픽공원","사설","깨비의숲마을 (째깍악어 공식 프로그램 페이지)","서울특별시","도시공원·숲","상세 페이지에서 재확인 필요","여름 숲체험; 매주 금 밤숲 표기는 프로그램명에 명시된 항목만 해당","상세 페이지에서 재확인 필요","째깍악어 공식 프로그램 페이지에 예약하기 버튼 노출 — 회차·잔여석 재확인","https://parent.tictoccroc.com/island/13/program/688/","숲지도사 및 또래 친구들과 계절 숲을 탐험하는 소규모 숲체험. 공식 페이지의 설명 문구를 바탕으로 기록.","https://parent.tictoccroc.com/island/13/program/688/","째깍악어 공식 프로그램 상세 페이지","현재 노출된 여름 프로그램 — 회차·잔여석 재확인 필요","공식 상세 페이지의 다른 프로그램 목록에서 프로그램명·장소·운영자 연결과 예약하기 진입점을 확인. 세부 조건은 해당 상세 페이지 재확인 필요.","장소 기반 소규모 숲 탐험 수업으로 분류.","후기 원문 미검토.","","공개 후기 링크 미수집 — 게시 전 확인 필요","P0","2026-07-16","2026-07-23","기준 페이지 https://parent.tictoccroc.com/island/13/program/686/ 의 다른 프로그램 목록과 각 공식 상세 URL.","소규모 또래 숲탐험·숲지도사 진행","private_operator_current"
"WWP-086","[하남나무고아원] 여름 숲체험 (매주 금 밤숲)","하남나무고아원","사설","깨비의숲마을 (째깍악어 공식 프로그램 페이지)","경기 하남시","도시공원·숲","상세 페이지에서 재확인 필요","여름 숲체험; 매주 금 밤숲 표기는 프로그램명에 명시된 항목만 해당","상세 페이지에서 재확인 필요","째깍악어 공식 프로그램 페이지에 예약하기 버튼 노출 — 회차·잔여석 재확인","https://parent.tictoccroc.com/island/13/program/689/","숲지도사 및 또래 친구들과 계절 숲을 탐험하는 소규모 숲체험. 공식 페이지의 설명 문구를 바탕으로 기록.","https://parent.tictoccroc.com/island/13/program/689/","째깍악어 공식 프로그램 상세 페이지","현재 노출된 여름 프로그램 — 회차·잔여석 재확인 필요","공식 상세 페이지의 다른 프로그램 목록에서 프로그램명·장소·운영자 연결과 예약하기 진입점을 확인. 세부 조건은 해당 상세 페이지 재확인 필요.","장소 기반 소규모 숲 탐험 수업으로 분류.","후기 원문 미검토.","","공개 후기 링크 미수집 — 게시 전 확인 필요","P0","2026-07-16","2026-07-23","기준 페이지 https://parent.tictoccroc.com/island/13/program/686/ 의 다른 프로그램 목록과 각 공식 상세 URL.","소규모 또래 숲탐험·숲지도사 진행","private_operator_current"
"WWP-087","[용산가족공원] 여름 숲체험 (매주 금 밤숲)","용산가족공원","사설","깨비의숲마을 (째깍악어 공식 프로그램 페이지)","서울특별시","도시공원·숲","상세 페이지에서 재확인 필요","여름 숲체험; 매주 금 밤숲 표기는 프로그램명에 명시된 항목만 해당","상세 페이지에서 재확인 필요","째깍악어 공식 프로그램 페이지에 예약하기 버튼 노출 — 회차·잔여석 재확인","https://parent.tictoccroc.com/island/13/program/690/","숲지도사 및 또래 친구들과 계절 숲을 탐험하는 소규모 숲체험. 공식 페이지의 설명 문구를 바탕으로 기록.","https://parent.tictoccroc.com/island/13/program/690/","째깍악어 공식 프로그램 상세 페이지","현재 노출된 여름 프로그램 — 회차·잔여석 재확인 필요","공식 상세 페이지의 다른 프로그램 목록에서 프로그램명·장소·운영자 연결과 예약하기 진입점을 확인. 세부 조건은 해당 상세 페이지 재확인 필요.","장소 기반 소규모 숲 탐험 수업으로 분류.","후기 원문 미검토.","","공개 후기 링크 미수집 — 게시 전 확인 필요","P0","2026-07-16","2026-07-23","기준 페이지 https://parent.tictoccroc.com/island/13/program/686/ 의 다른 프로그램 목록과 각 공식 상세 URL.","소규모 또래 숲탐험·숲지도사 진행","private_operator_current"
"WWP-088","[선유도공원] 여름 숲체험","선유도공원","사설","깨비의숲마을 (째깍악어 공식 프로그램 페이지)","서울특별시","도시공원·숲","상세 페이지에서 재확인 필요","여름 숲체험; 매주 금 밤숲 표기는 프로그램명에 명시된 항목만 해당","상세 페이지에서 재확인 필요","째깍악어 공식 프로그램 페이지에 예약하기 버튼 노출 — 회차·잔여석 재확인","https://parent.tictoccroc.com/island/13/program/691/","숲지도사 및 또래 친구들과 계절 숲을 탐험하는 소규모 숲체험. 공식 페이지의 설명 문구를 바탕으로 기록.","https://parent.tictoccroc.com/island/13/program/691/","째깍악어 공식 프로그램 상세 페이지","현재 노출된 여름 프로그램 — 회차·잔여석 재확인 필요","공식 상세 페이지의 다른 프로그램 목록에서 프로그램명·장소·운영자 연결과 예약하기 진입점을 확인. 세부 조건은 해당 상세 페이지 재확인 필요.","장소 기반 소규모 숲 탐험 수업으로 분류.","후기 원문 미검토.","","공개 후기 링크 미수집 — 게시 전 확인 필요","P0","2026-07-16","2026-07-23","기준 페이지 https://parent.tictoccroc.com/island/13/program/686/ 의 다른 프로그램 목록과 각 공식 상세 URL.","소규모 또래 숲탐험·숲지도사 진행","private_operator_current"
"WWP-089","[월드컵공원] 여름 숲체험","월드컵공원","사설","깨비의숲마을 (째깍악어 공식 프로그램 페이지)","서울특별시","도시공원·숲","상세 페이지에서 재확인 필요","여름 숲체험; 매주 금 밤숲 표기는 프로그램명에 명시된 항목만 해당","상세 페이지에서 재확인 필요","째깍악어 공식 프로그램 페이지에 예약하기 버튼 노출 — 회차·잔여석 재확인","https://parent.tictoccroc.com/island/13/program/692/","숲지도사 및 또래 친구들과 계절 숲을 탐험하는 소규모 숲체험. 공식 페이지의 설명 문구를 바탕으로 기록.","https://parent.tictoccroc.com/island/13/program/692/","째깍악어 공식 프로그램 상세 페이지","현재 노출된 여름 프로그램 — 회차·잔여석 재확인 필요","공식 상세 페이지의 다른 프로그램 목록에서 프로그램명·장소·운영자 연결과 예약하기 진입점을 확인. 세부 조건은 해당 상세 페이지 재확인 필요.","장소 기반 소규모 숲 탐험 수업으로 분류.","후기 원문 미검토.","","공개 후기 링크 미수집 — 게시 전 확인 필요","P0","2026-07-16","2026-07-23","기준 페이지 https://parent.tictoccroc.com/island/13/program/686/ 의 다른 프로그램 목록과 각 공식 상세 URL.","소규모 또래 숲탐험·숲지도사 진행","private_operator_current"
"WWP-090","[북서울꿈의숲] 여름 숲체험 (매주 금 밤숲)","북서울꿈의숲","사설","깨비의숲마을 (째깍악어 공식 프로그램 페이지)","서울특별시","도시공원·숲","상세 페이지에서 재확인 필요","여름 숲체험; 매주 금 밤숲 표기는 프로그램명에 명시된 항목만 해당","상세 페이지에서 재확인 필요","째깍악어 공식 프로그램 페이지에 예약하기 버튼 노출 — 회차·잔여석 재확인","https://parent.tictoccroc.com/island/13/program/693/","숲지도사 및 또래 친구들과 계절 숲을 탐험하는 소규모 숲체험. 공식 페이지의 설명 문구를 바탕으로 기록.","https://parent.tictoccroc.com/island/13/program/693/","째깍악어 공식 프로그램 상세 페이지","현재 노출된 여름 프로그램 — 회차·잔여석 재확인 필요","공식 상세 페이지의 다른 프로그램 목록에서 프로그램명·장소·운영자 연결과 예약하기 진입점을 확인. 세부 조건은 해당 상세 페이지 재확인 필요.","장소 기반 소규모 숲 탐험 수업으로 분류.","후기 원문 미검토.","","공개 후기 링크 미수집 — 게시 전 확인 필요","P0","2026-07-16","2026-07-23","기준 페이지 https://parent.tictoccroc.com/island/13/program/686/ 의 다른 프로그램 목록과 각 공식 상세 URL.","소규모 또래 숲탐험·숲지도사 진행","private_operator_current"
"WWP-091","[매헌양재시민의숲] 여름 숲체험","매헌양재시민의숲","사설","깨비의숲마을 (째깍악어 공식 프로그램 페이지)","서울특별시","도시공원·숲","상세 페이지에서 재확인 필요","여름 숲체험; 매주 금 밤숲 표기는 프로그램명에 명시된 항목만 해당","상세 페이지에서 재확인 필요","째깍악어 공식 프로그램 페이지에 예약하기 버튼 노출 — 회차·잔여석 재확인","https://parent.tictoccroc.com/island/13/program/694/","숲지도사 및 또래 친구들과 계절 숲을 탐험하는 소규모 숲체험. 공식 페이지의 설명 문구를 바탕으로 기록.","https://parent.tictoccroc.com/island/13/program/694/","째깍악어 공식 프로그램 상세 페이지","현재 노출된 여름 프로그램 — 회차·잔여석 재확인 필요","공식 상세 페이지의 다른 프로그램 목록에서 프로그램명·장소·운영자 연결과 예약하기 진입점을 확인. 세부 조건은 해당 상세 페이지 재확인 필요.","장소 기반 소규모 숲 탐험 수업으로 분류.","후기 원문 미검토.","","공개 후기 링크 미수집 — 게시 전 확인 필요","P0","2026-07-16","2026-07-23","기준 페이지 https://parent.tictoccroc.com/island/13/program/686/ 의 다른 프로그램 목록과 각 공식 상세 URL.","소규모 또래 숲탐험·숲지도사 진행","private_operator_current"
"WWP-092","[마곡서울식물원] 여름 숲체험 (매주 금 밤숲)","마곡서울식물원","사설","깨비의숲마을 (째깍악어 공식 프로그램 페이지)","서울특별시","도시공원·숲","상세 페이지에서 재확인 필요","여름 숲체험; 매주 금 밤숲 표기는 프로그램명에 명시된 항목만 해당","상세 페이지에서 재확인 필요","째깍악어 공식 프로그램 페이지에 예약하기 버튼 노출 — 회차·잔여석 재확인","https://parent.tictoccroc.com/island/13/program/695/","숲지도사 및 또래 친구들과 계절 숲을 탐험하는 소규모 숲체험. 공식 페이지의 설명 문구를 바탕으로 기록.","https://parent.tictoccroc.com/island/13/program/695/","째깍악어 공식 프로그램 상세 페이지","현재 노출된 여름 프로그램 — 회차·잔여석 재확인 필요","공식 상세 페이지의 다른 프로그램 목록에서 프로그램명·장소·운영자 연결과 예약하기 진입점을 확인. 세부 조건은 해당 상세 페이지 재확인 필요.","장소 기반 소규모 숲 탐험 수업으로 분류.","후기 원문 미검토.","","공개 후기 링크 미수집 — 게시 전 확인 필요","P0","2026-07-16","2026-07-23","기준 페이지 https://parent.tictoccroc.com/island/13/program/686/ 의 다른 프로그램 목록과 각 공식 상세 URL.","소규모 또래 숲탐험·숲지도사 진행","private_operator_current"
"WWP-093","[키즈][서울/종로] 서울역사박물관 어린이 초등 한국사 역사체험","서울역사박물관","사설","쌤쌤뮤지엄","서울특별시","박물관·기념관 도슨트","10~13세 권장, 부모 분리","예약 페이지에서 일자별 회차 확인","35,900원","현재 공식 마이리얼트립 예약 페이지 노출 — 결제 전 잔여석·회차 재확인","https://experiences.myrealtrip.com/products/3880370","해설사 진행의 소통형 역사 도슨트·탐방 수업. 장소의 역사·문화재를 눈맞춤과 토론 중심으로 탐구한다고 운영자 소개에 명시.","https://experiences.myrealtrip.com/products/3880370","마이리얼트립 공식 판매 페이지 및 판매자 소개","현재 예약 페이지 노출 — 회차·잔여석 재확인 필요","공식 판매 페이지/검색 노출에서 프로그램명, 장소, 판매자 쌤쌤뮤지엄을 확인. 직접 페이지에서 2시간, 10~13세 부모 분리, 최소 3명·회차 3~8명, 예약 대기 방식을 확인.","장소 기반 소그룹 역사·도슨트 탐구 수업으로 분류.","운영자 페이지는 1000회 이상 역사여행을 진행한 해설사들이 만든 소통형 수업이라고 소개.","","공개 후기 원문 미수집","P0","2026-07-16","2026-07-23","https://experiences.myrealtrip.com/products/3880370","소그룹 부모 분리/동반 역사 도슨트","private_operator_current"
"WWP-094","[서울/용산][키즈] 국립중앙박물관 도슨트 수업으로 하루에 정리하는 삼국~조선 한국사","국립중앙박물관","사설","쌤쌤뮤지엄","서울특별시","박물관·기념관 도슨트","상세 페이지 재확인 필요","예약 페이지에서 일자별 회차 확인","34,900원(검색 노출)","현재 공식 마이리얼트립 예약 페이지 노출 — 결제 전 잔여석·회차 재확인","https://experiences.myrealtrip.com/products/3880358","해설사 진행의 소통형 역사 도슨트·탐방 수업. 장소의 역사·문화재를 눈맞춤과 토론 중심으로 탐구한다고 운영자 소개에 명시.","https://experiences.myrealtrip.com/products/3880358","마이리얼트립 공식 판매 페이지 및 판매자 소개","현재 예약 페이지 노출 — 회차·잔여석 재확인 필요","공식 판매 페이지/검색 노출에서 프로그램명, 장소, 판매자 쌤쌤뮤지엄을 확인.","장소 기반 소그룹 역사·도슨트 탐구 수업으로 분류.","후기 원문 미검토.","","공개 후기 원문 미수집","P0","2026-07-16","2026-07-23","https://experiences.myrealtrip.com/products/3880358","소그룹 부모 분리/동반 역사 도슨트","private_operator_current"
"WWP-095","[아이와함께] 국립중앙박물관 원데이 도슨트 투어","국립중앙박물관","사설","쌤쌤뮤지엄","서울특별시","박물관·기념관 도슨트","상세 페이지 재확인 필요","예약 페이지에서 일자별 회차 확인","27,900원","현재 공식 마이리얼트립 예약 페이지 노출 — 결제 전 잔여석·회차 재확인","https://experiences.myrealtrip.com/products/3880354","해설사 진행의 소통형 역사 도슨트·탐방 수업. 장소의 역사·문화재를 눈맞춤과 토론 중심으로 탐구한다고 운영자 소개에 명시.","https://experiences.myrealtrip.com/products/3880354","마이리얼트립 공식 판매 페이지 및 판매자 소개","현재 예약 페이지 노출 — 회차·잔여석 재확인 필요","공식 판매 페이지/검색 노출에서 프로그램명, 장소, 판매자 쌤쌤뮤지엄을 확인.","장소 기반 소그룹 역사·도슨트 탐구 수업으로 분류.","후기 원문 미검토.","","공개 후기 원문 미수집","P0","2026-07-16","2026-07-23","https://experiences.myrealtrip.com/products/3880354","소그룹 부모 분리/동반 역사 도슨트","private_operator_current"
"WWP-096","[서울/용산] 유럽 문명의 시작! 국립중앙박물관 그리스로마 도슨트 어린이 투어","국립중앙박물관","사설","쌤쌤뮤지엄","서울특별시","박물관·기념관 도슨트","어린이 대상(세부 연령 재확인)","예약 페이지에서 일자별 회차 확인","34,900원","현재 공식 마이리얼트립 예약 페이지 노출 — 결제 전 잔여석·회차 재확인","https://experiences.myrealtrip.com/products/3880364","해설사 진행의 소통형 역사 도슨트·탐방 수업. 장소의 역사·문화재를 눈맞춤과 토론 중심으로 탐구한다고 운영자 소개에 명시.","https://experiences.myrealtrip.com/products/3880364","마이리얼트립 공식 판매 페이지 및 판매자 소개","현재 예약 페이지 노출 — 회차·잔여석 재확인 필요","공식 판매 페이지/검색 노출에서 프로그램명, 장소, 판매자 쌤쌤뮤지엄을 확인.","장소 기반 소그룹 역사·도슨트 탐구 수업으로 분류.","후기 원문 미검토.","","공개 후기 원문 미수집","P0","2026-07-16","2026-07-23","https://experiences.myrealtrip.com/products/3880364","소그룹 부모 분리/동반 역사 도슨트","private_operator_current"
"WWP-097","[서울/서대문] 대한민국임시정부기념관 투어 한국사 체험","대한민국임시정부기념관","사설","쌤쌤뮤지엄","서울특별시","박물관·기념관 도슨트","상세 페이지 재확인 필요","예약 페이지에서 일자별 회차 확인","상세 페이지 재확인 필요","현재 공식 마이리얼트립 예약 페이지 노출 — 결제 전 잔여석·회차 재확인","https://experiences.myrealtrip.com/products/4416953","해설사 진행의 소통형 역사 도슨트·탐방 수업. 장소의 역사·문화재를 눈맞춤과 토론 중심으로 탐구한다고 운영자 소개에 명시.","https://experiences.myrealtrip.com/products/4416953","마이리얼트립 공식 판매 페이지 및 판매자 소개","현재 예약 페이지 노출 — 회차·잔여석 재확인 필요","공식 판매 페이지/검색 노출에서 프로그램명, 장소, 판매자 쌤쌤뮤지엄을 확인.","장소 기반 소그룹 역사·도슨트 탐구 수업으로 분류.","후기 원문 미검토.","","공개 후기 원문 미수집","P0","2026-07-16","2026-07-23","https://experiences.myrealtrip.com/products/4416953","소그룹 부모 분리/동반 역사 도슨트","private_operator_current"
"WWP-098","[경기/수원] 정조와 함께 걷는 수원 화성 야간 성곽길 투어","수원 화성","사설","쌤쌤뮤지엄","경기 수원시","역사 유적 야외 탐방","상세 페이지 재확인 필요","예약 페이지에서 일자별 회차 확인","상세 페이지 재확인 필요","현재 공식 마이리얼트립 예약 페이지 노출 — 결제 전 잔여석·회차 재확인","https://experiences.myrealtrip.com/products/3880355","해설사 진행의 소통형 역사 도슨트·탐방 수업. 장소의 역사·문화재를 눈맞춤과 토론 중심으로 탐구한다고 운영자 소개에 명시.","https://experiences.myrealtrip.com/products/3880355","마이리얼트립 공식 판매 페이지 및 판매자 소개","현재 예약 페이지 노출 — 회차·잔여석 재확인 필요","공식 판매 페이지/검색 노출에서 프로그램명, 장소, 판매자 쌤쌤뮤지엄을 확인.","장소 기반 소그룹 역사·도슨트 탐구 수업으로 분류.","후기 원문 미검토.","","공개 후기 원문 미수집","P0","2026-07-16","2026-07-23","https://experiences.myrealtrip.com/products/3880355","소그룹 역사 유적 도보 탐방","private_operator_current"
"WWP-099","[서울/용산] 국립중앙박물관 도슨트 투어(초등 고학년~성인)","국립중앙박물관","사설","꿈꾸는해치","서울 용산구","박물관","초등 고학년~성인(만 9세는 학년 기준 재확인)","2026년 4~7월 금요일·주말·공휴일, 14:30~16:00","공식 상세 옵션에서 재확인 필요","공식 예약 상품 노출; 날짜별 잔여석 재확인 필요","https://experiences.myrealtrip.com/products/3880372","초등 가족 대상 역사교육 기업이 운영하는 국립중앙박물관 도슨트 투어.","https://experiences.myrealtrip.com/products/3880372","운영자명이 표시된 공식 판매 상세","2026 시즌 실제 회차 확인; 개별 잔여석 미확인","판매 상세에 운영자, 장소, 2026년 4~7월 운영 요일, 시간과 프로그램 구성이 공개됨.","만 9세가 초등 고학년에 해당하는지는 개인 학년 기준 확인이 필요해 연령 적합성은 경계 후보.","동일 판매 페이지에 평점 5.0, 후기 31개가 노출되나 개별 후기 원문은 검수하지 않음.","https://experiences.myrealtrip.com/products/3880372","후기 개별 본문·작성일 미검수","P1","2026-07-17","2026-07-20","검색 결과가 아닌 판매 상세 원문을 근거로 사용.","예약형 실제 회차","private_program_supplement"
"WWP-100","[키즈][서울/용산] 함께늘봄 국립중앙박물관 초등한국사 4회","국립중앙박물관","사설","함께늘봄","서울 용산구","박물관","초등학생(만 7~9세 포함 추정, 상세 재확인)","2026년 3~7월 주말·공휴일, 4회 과정","공식 상세 옵션에서 재확인 필요","신청 후 최소인원 충족 시 확정","https://experiences.myrealtrip.com/products/3887650","국립중앙박물관에서 진행하는 초등 한국사 4회 체험 수업.","https://experiences.myrealtrip.com/products/3887650","운영자 상품명과 장소가 표시된 공식 판매 상세","2026 시즌 실제 회차 확인; 7월 잔여 회차 미확인","판매 상세에 2026년 3~7월 주말·공휴일 예약, 확정 안내 절차가 공개됨.","초등 대상이므로 만 7~9세는 통상 포함되지만 출생연도 제한은 옵션에서 재확인 필요.","개별 후기 원문 미검수.","","공개 상세에서 개별 후기 본문을 확인하지 못함","P1","2026-07-17","2026-07-20","판매 상세 원문 기준.","다회차 예약 수업","private_program_supplement"
"WWP-101","[키즈][사다리한국사] 국립중앙박물관 초등 역사 도슨트 투어","국립중앙박물관","사설","꿈꾸는해치","서울 용산구","박물관","초등학생(만 7~9세 포함 추정)","예약 옵션별 실제 회차","29,900원 노출","공식 판매 상세 노출; 날짜별 확정 여부 재확인","https://experiences.myrealtrip.com/products/3880363","상설전시관 유물을 활동지와 함께 살펴보는 초등 역사 도슨트 투어.","https://experiences.myrealtrip.com/products/3880363","운영자 판매 상세","실제 예약 상품; 당주 회차 미확인","장소, 역사 투어, 자체 활동지, 전일 집결 안내 절차가 공식 상세에 공개됨.","만 7~9세 적합 가능성이 높으나 저학년 세부 제한은 재확인 필요.","평점 4.9 및 후기 464~465개가 연관 상품 영역에 노출; 원문 미검수.","https://experiences.myrealtrip.com/products/3880363","개별 후기 본문·최신 작성일 미검수","P1","2026-07-17","2026-07-20","판매 상세 원문 기준.","예약형 실제 회차","private_program_supplement"
"WWP-102","[키즈/가족체험][국립중앙박물관] 가족과 함께하는 박물관 투어","국립중앙박물관","사설","짱짱히스토리","서울 용산구","박물관","7세 이상 가족(만 7~9세 포함)","첫째·다섯째 일요일 15시, 둘째·넷째 토요일 15시","1인 24,900원, 7세부터 1인 1매","공식 예약 상품 노출; 개별 날짜 잔여석 재확인","https://experiences.myrealtrip.com/products/3852750","보호자와 초등 자녀가 함께 참여하는 국립중앙박물관 역사 체험.","https://experiences.myrealtrip.com/products/3852750","운영자 소개와 정기 일정이 표시된 공식 판매 상세","정기 실제 회차 확인; 당주 잔여석 미확인","운영자, 장소, 반복 일정, 6~12명, 참가비, 7세 이상 매표 기준이 공개됨.","WP-007 핵심 연령과 가족 동반 조건에 직접 부합.","연관 영역에 평점 5.0, 후기 4개 노출; 원문 미검수.","https://experiences.myrealtrip.com/products/3852750","개별 후기 본문·작성일 미검수","P0","2026-07-17","2026-07-20","판매 상세 원문 기준.","정기 예약형 실제 회차","private_program_supplement"
